cohort	sample	gsm	classifier	class	source
FU_iCCA	343		dong2022_proteomic	S1	Dong 2022 Table S5E
FU_iCCA	347		dong2022_proteomic	S3	Dong 2022 Table S5E
FU_iCCA	427		dong2022_proteomic	S3	Dong 2022 Table S5E
FU_iCCA	457		dong2022_proteomic	S4	Dong 2022 Table S5E
FU_iCCA	483		dong2022_proteomic	S2	Dong 2022 Table S5E
FU_iCCA	517		dong2022_proteomic	S4	Dong 2022 Table S5E
FU_iCCA	565		dong2022_proteomic	S3	Dong 2022 Table S5E
FU_iCCA	567		dong2022_proteomic	S2	Dong 2022 Table S5E
FU_iCCA	631		dong2022_proteomic	S1	Dong 2022 Table S5E
FU_iCCA	977		dong2022_proteomic	S2	Dong 2022 Table S5E
FU_iCCA	173		dong2022_proteomic	S3	Dong 2022 Table S5E
FU_iCCA	235		dong2022_proteomic	S1	Dong 2022 Table S5E
FU_iCCA	243		dong2022_proteomic	S2	Dong 2022 Table S5E
FU_iCCA	375		dong2022_proteomic	S2	Dong 2022 Table S5E
FU_iCCA	573		dong2022_proteomic	S4	Dong 2022 Table S5E
FU_iCCA	647		dong2022_proteomic	S1	Dong 2022 Table S5E
FU_iCCA	825		dong2022_proteomic	S4	Dong 2022 Table S5E
FU_iCCA	863		dong2022_proteomic	S1	Dong 2022 Table S5E
FU_iCCA	913		dong2022_proteomic	S4	Dong 2022 Table S5E
FU_iCCA	965		dong2022_proteomic	S3	Dong 2022 Table S5E
FU_iCCA	183		dong2022_proteomic	S4	Dong 2022 Table S5E
FU_iCCA	187		dong2022_proteomic	S1	Dong 2022 Table S5E
FU_iCCA	213		dong2022_proteomic	S4	Dong 2022 Table S5E
FU_iCCA	221		dong2022_proteomic	S3	Dong 2022 Table S5E
FU_iCCA	317		dong2022_proteomic	S3	Dong 2022 Table S5E
FU_iCCA	351		dong2022_proteomic	S1	Dong 2022 Table S5E
FU_iCCA	485		dong2022_proteomic	S3	Dong 2022 Table S5E
FU_iCCA	617		dong2022_proteomic	S2	Dong 2022 Table S5E
FU_iCCA	691		dong2022_proteomic	S3	Dong 2022 Table S5E
FU_iCCA	861		dong2022_proteomic	S3	Dong 2022 Table S5E
FU_iCCA	125		dong2022_proteomic	S1	Dong 2022 Table S5E
FU_iCCA	185		dong2022_proteomic	S2	Dong 2022 Table S5E
FU_iCCA	271		dong2022_proteomic	S3	Dong 2022 Table S5E
FU_iCCA	357		dong2022_proteomic	S1	Dong 2022 Table S5E
FU_iCCA	385		dong2022_proteomic	S1	Dong 2022 Table S5E
FU_iCCA	471		dong2022_proteomic	S3	Dong 2022 Table S5E
FU_iCCA	497		dong2022_proteomic	S3	Dong 2022 Table S5E
FU_iCCA	523		dong2022_proteomic	S3	Dong 2022 Table S5E
FU_iCCA	531		dong2022_proteomic	S2	Dong 2022 Table S5E
FU_iCCA	575		dong2022_proteomic	S3	Dong 2022 Table S5E
FU_iCCA	117		dong2022_proteomic	S3	Dong 2022 Table S5E
FU_iCCA	237		dong2022_proteomic	S4	Dong 2022 Table S5E
FU_iCCA	325		dong2022_proteomic	S1	Dong 2022 Table S5E
FU_iCCA	397		dong2022_proteomic	S3	Dong 2022 Table S5E
FU_iCCA	423		dong2022_proteomic	S1	Dong 2022 Table S5E
FU_iCCA	433		dong2022_proteomic	S4	Dong 2022 Table S5E
FU_iCCA	515		dong2022_proteomic	S4	Dong 2022 Table S5E
FU_iCCA	641		dong2022_proteomic	S4	Dong 2022 Table S5E
FU_iCCA	663		dong2022_proteomic	S3	Dong 2022 Table S5E
FU_iCCA	817		dong2022_proteomic	S4	Dong 2022 Table S5E
FU_iCCA	121		dong2022_proteomic	S4	Dong 2022 Table S5E
FU_iCCA	147		dong2022_proteomic	S2	Dong 2022 Table S5E
FU_iCCA	261		dong2022_proteomic	S2	Dong 2022 Table S5E
FU_iCCA	263		dong2022_proteomic	S4	Dong 2022 Table S5E
FU_iCCA	281		dong2022_proteomic	S2	Dong 2022 Table S5E
FU_iCCA	321		dong2022_proteomic	S3	Dong 2022 Table S5E
FU_iCCA	495		dong2022_proteomic	S4	Dong 2022 Table S5E
FU_iCCA	637		dong2022_proteomic	S3	Dong 2022 Table S5E
FU_iCCA	651		dong2022_proteomic	S2	Dong 2022 Table S5E
FU_iCCA	981		dong2022_proteomic	S2	Dong 2022 Table S5E
FU_iCCA	115		dong2022_proteomic	S4	Dong 2022 Table S5E
FU_iCCA	363		dong2022_proteomic	S4	Dong 2022 Table S5E
FU_iCCA	391		dong2022_proteomic	S1	Dong 2022 Table S5E
FU_iCCA	453		dong2022_proteomic	S1	Dong 2022 Table S5E
FU_iCCA	481		dong2022_proteomic	S4	Dong 2022 Table S5E
FU_iCCA	577		dong2022_proteomic	S4	Dong 2022 Table S5E
FU_iCCA	583		dong2022_proteomic	S1	Dong 2022 Table S5E
FU_iCCA	843		dong2022_proteomic	S4	Dong 2022 Table S5E
FU_iCCA	923		dong2022_proteomic	S2	Dong 2022 Table S5E
FU_iCCA	993		dong2022_proteomic	S2	Dong 2022 Table S5E
FU_iCCA	135		dong2022_proteomic	S2	Dong 2022 Table S5E
FU_iCCA	175		dong2022_proteomic	S3	Dong 2022 Table S5E
FU_iCCA	425		dong2022_proteomic	S1	Dong 2022 Table S5E
FU_iCCA	493		dong2022_proteomic	S4	Dong 2022 Table S5E
FU_iCCA	673		dong2022_proteomic	S4	Dong 2022 Table S5E
FU_iCCA	845		dong2022_proteomic	S4	Dong 2022 Table S5E
FU_iCCA	853		dong2022_proteomic	S1	Dong 2022 Table S5E
FU_iCCA	953		dong2022_proteomic	S1	Dong 2022 Table S5E
FU_iCCA	971		dong2022_proteomic	S3	Dong 2022 Table S5E
FU_iCCA	995		dong2022_proteomic	S2	Dong 2022 Table S5E
FU_iCCA	197		dong2022_proteomic	S4	Dong 2022 Table S5E
FU_iCCA	217		dong2022_proteomic	S2	Dong 2022 Table S5E
FU_iCCA	277		dong2022_proteomic	S2	Dong 2022 Table S5E
FU_iCCA	353		dong2022_proteomic	S4	Dong 2022 Table S5E
FU_iCCA	367		dong2022_proteomic	S2	Dong 2022 Table S5E
FU_iCCA	371		dong2022_proteomic	S2	Dong 2022 Table S5E
FU_iCCA	547		dong2022_proteomic	S1	Dong 2022 Table S5E
FU_iCCA	553		dong2022_proteomic	S3	Dong 2022 Table S5E
FU_iCCA	927		dong2022_proteomic	S2	Dong 2022 Table S5E
FU_iCCA	975		dong2022_proteomic	S4	Dong 2022 Table S5E
FU_iCCA	133		dong2022_proteomic	S2	Dong 2022 Table S5E
FU_iCCA	193		dong2022_proteomic	S4	Dong 2022 Table S5E
FU_iCCA	337		dong2022_proteomic	S2	Dong 2022 Table S5E
FU_iCCA	435		dong2022_proteomic	S2	Dong 2022 Table S5E
FU_iCCA	551		dong2022_proteomic	S4	Dong 2022 Table S5E
FU_iCCA	635		dong2022_proteomic	S4	Dong 2022 Table S5E
FU_iCCA	653		dong2022_proteomic	S1	Dong 2022 Table S5E
FU_iCCA	665		dong2022_proteomic	S3	Dong 2022 Table S5E
FU_iCCA	827		dong2022_proteomic	S2	Dong 2022 Table S5E
FU_iCCA	865		dong2022_proteomic	S2	Dong 2022 Table S5E
FU_iCCA	285		dong2022_proteomic	S1	Dong 2022 Table S5E
FU_iCCA	327		dong2022_proteomic	S3	Dong 2022 Table S5E
FU_iCCA	331		dong2022_proteomic	S3	Dong 2022 Table S5E
FU_iCCA	441		dong2022_proteomic	S3	Dong 2022 Table S5E
FU_iCCA	465		dong2022_proteomic	S2	Dong 2022 Table S5E
FU_iCCA	585		dong2022_proteomic	S1	Dong 2022 Table S5E
FU_iCCA	621		dong2022_proteomic	S2	Dong 2022 Table S5E
FU_iCCA	655		dong2022_proteomic	S1	Dong 2022 Table S5E
FU_iCCA	693		dong2022_proteomic	S4	Dong 2022 Table S5E
FU_iCCA	873		dong2022_proteomic	S3	Dong 2022 Table S5E
FU_iCCA	161		dong2022_proteomic	S4	Dong 2022 Table S5E
FU_iCCA	225		dong2022_proteomic	S1	Dong 2022 Table S5E
FU_iCCA	395		dong2022_proteomic	S3	Dong 2022 Table S5E
FU_iCCA	411		dong2022_proteomic	S4	Dong 2022 Table S5E
FU_iCCA	463		dong2022_proteomic	S3	Dong 2022 Table S5E
FU_iCCA	533		dong2022_proteomic	S4	Dong 2022 Table S5E
FU_iCCA	557		dong2022_proteomic	S3	Dong 2022 Table S5E
FU_iCCA	833		dong2022_proteomic	S2	Dong 2022 Table S5E
FU_iCCA	835		dong2022_proteomic	S4	Dong 2022 Table S5E
FU_iCCA	985		dong2022_proteomic	S1	Dong 2022 Table S5E
FU_iCCA	123		dong2022_proteomic	S3	Dong 2022 Table S5E
FU_iCCA	141		dong2022_proteomic	S2	Dong 2022 Table S5E
FU_iCCA	253		dong2022_proteomic	S4	Dong 2022 Table S5E
FU_iCCA	393		dong2022_proteomic	S4	Dong 2022 Table S5E
FU_iCCA	445		dong2022_proteomic	S4	Dong 2022 Table S5E
FU_iCCA	545		dong2022_proteomic	S2	Dong 2022 Table S5E
FU_iCCA	561		dong2022_proteomic	S2	Dong 2022 Table S5E
FU_iCCA	947		dong2022_proteomic	S4	Dong 2022 Table S5E
FU_iCCA	961		dong2022_proteomic	S2	Dong 2022 Table S5E
FU_iCCA	241		dong2022_proteomic	S1	Dong 2022 Table S5E
FU_iCCA	345		dong2022_proteomic	S4	Dong 2022 Table S5E
FU_iCCA	365		dong2022_proteomic	S2	Dong 2022 Table S5E
FU_iCCA	437		dong2022_proteomic	S2	Dong 2022 Table S5E
FU_iCCA	625		dong2022_proteomic	S4	Dong 2022 Table S5E
FU_iCCA	657		dong2022_proteomic	S4	Dong 2022 Table S5E
FU_iCCA	683		dong2022_proteomic	S4	Dong 2022 Table S5E
FU_iCCA	813		dong2022_proteomic	S1	Dong 2022 Table S5E
FU_iCCA	967		dong2022_proteomic	S3	Dong 2022 Table S5E
FU_iCCA	983		dong2022_proteomic	S4	Dong 2022 Table S5E
FU_iCCA	165		dong2022_proteomic	S1	Dong 2022 Table S5E
FU_iCCA	191		dong2022_proteomic	S2	Dong 2022 Table S5E
FU_iCCA	223		dong2022_proteomic	S3	Dong 2022 Table S5E
FU_iCCA	257		dong2022_proteomic	S2	Dong 2022 Table S5E
FU_iCCA	537		dong2022_proteomic	S2	Dong 2022 Table S5E
FU_iCCA	563		dong2022_proteomic	S2	Dong 2022 Table S5E
FU_iCCA	591		dong2022_proteomic	S4	Dong 2022 Table S5E
FU_iCCA	681		dong2022_proteomic	S3	Dong 2022 Table S5E
FU_iCCA	687		dong2022_proteomic	S4	Dong 2022 Table S5E
FU_iCCA	841		dong2022_proteomic	S2	Dong 2022 Table S5E
FU_iCCA	155		dong2022_proteomic	S3	Dong 2022 Table S5E
FU_iCCA	231		dong2022_proteomic	S2	Dong 2022 Table S5E
FU_iCCA	311		dong2022_proteomic	S2	Dong 2022 Table S5E
FU_iCCA	341		dong2022_proteomic	S1	Dong 2022 Table S5E
FU_iCCA	361		dong2022_proteomic	S4	Dong 2022 Table S5E
FU_iCCA	447		dong2022_proteomic	S3	Dong 2022 Table S5E
FU_iCCA	535		dong2022_proteomic	S4	Dong 2022 Table S5E
FU_iCCA	587		dong2022_proteomic	S1	Dong 2022 Table S5E
FU_iCCA	925		dong2022_proteomic	S2	Dong 2022 Table S5E
FU_iCCA	931		dong2022_proteomic	S1	Dong 2022 Table S5E
FU_iCCA	273		dong2022_proteomic	S2	Dong 2022 Table S5E
FU_iCCA	323		dong2022_proteomic	S4	Dong 2022 Table S5E
FU_iCCA	383		dong2022_proteomic	S1	Dong 2022 Table S5E
FU_iCCA	387		dong2022_proteomic	S2	Dong 2022 Table S5E
FU_iCCA	521		dong2022_proteomic	S4	Dong 2022 Table S5E
FU_iCCA	541		dong2022_proteomic	S3	Dong 2022 Table S5E
FU_iCCA	623		dong2022_proteomic	S3	Dong 2022 Table S5E
FU_iCCA	627		dong2022_proteomic	S4	Dong 2022 Table S5E
FU_iCCA	661		dong2022_proteomic	S4	Dong 2022 Table S5E
FU_iCCA	847		dong2022_proteomic	S4	Dong 2022 Table S5E
FU_iCCA	247		dong2022_proteomic	S4	Dong 2022 Table S5E
FU_iCCA	461		dong2022_proteomic	S1	Dong 2022 Table S5E
FU_iCCA	543		dong2022_proteomic	S4	Dong 2022 Table S5E
FU_iCCA	581		dong2022_proteomic	S4	Dong 2022 Table S5E
FU_iCCA	821		dong2022_proteomic	S2	Dong 2022 Table S5E
FU_iCCA	823		dong2022_proteomic	S4	Dong 2022 Table S5E
FU_iCCA	851		dong2022_proteomic	S1	Dong 2022 Table S5E
FU_iCCA	875		dong2022_proteomic	S4	Dong 2022 Table S5E
FU_iCCA	951		dong2022_proteomic	S4	Dong 2022 Table S5E
FU_iCCA	963		dong2022_proteomic	S3	Dong 2022 Table S5E
FU_iCCA	157		dong2022_proteomic	S1	Dong 2022 Table S5E
FU_iCCA	211		dong2022_proteomic	S3	Dong 2022 Table S5E
FU_iCCA	215		dong2022_proteomic	S2	Dong 2022 Table S5E
FU_iCCA	415		dong2022_proteomic	S4	Dong 2022 Table S5E
FU_iCCA	443		dong2022_proteomic	S2	Dong 2022 Table S5E
FU_iCCA	487		dong2022_proteomic	S1	Dong 2022 Table S5E
FU_iCCA	513		dong2022_proteomic	S2	Dong 2022 Table S5E
FU_iCCA	675		dong2022_proteomic	S4	Dong 2022 Table S5E
FU_iCCA	811		dong2022_proteomic	S3	Dong 2022 Table S5E
FU_iCCA	911		dong2022_proteomic	S4	Dong 2022 Table S5E
FU_iCCA	145		dong2022_proteomic	S2	Dong 2022 Table S5E
FU_iCCA	167		dong2022_proteomic	S1	Dong 2022 Table S5E
FU_iCCA	181		dong2022_proteomic	S1	Dong 2022 Table S5E
FU_iCCA	265		dong2022_proteomic	S4	Dong 2022 Table S5E
FU_iCCA	467		dong2022_proteomic	S2	Dong 2022 Table S5E
FU_iCCA	615		dong2022_proteomic	S3	Dong 2022 Table S5E
FU_iCCA	643		dong2022_proteomic	S3	Dong 2022 Table S5E
FU_iCCA	837		dong2022_proteomic	S2	Dong 2022 Table S5E
FU_iCCA	857		dong2022_proteomic	S2	Dong 2022 Table S5E
FU_iCCA	917		dong2022_proteomic	S3	Dong 2022 Table S5E
FU_iCCA	137		dong2022_proteomic	S2	Dong 2022 Table S5E
FU_iCCA	177		dong2022_proteomic	S1	Dong 2022 Table S5E
FU_iCCA	473		dong2022_proteomic	S4	Dong 2022 Table S5E
FU_iCCA	613		dong2022_proteomic	S4	Dong 2022 Table S5E
FU_iCCA	633		dong2022_proteomic	S2	Dong 2022 Table S5E
FU_iCCA	685		dong2022_proteomic	S2	Dong 2022 Table S5E
FU_iCCA	871		dong2022_proteomic	S2	Dong 2022 Table S5E
FU_iCCA	877		dong2022_proteomic	S4	Dong 2022 Table S5E
FU_iCCA	921		dong2022_proteomic	S4	Dong 2022 Table S5E
FU_iCCA	941		dong2022_proteomic	S1	Dong 2022 Table S5E
FU_iCCA	313		dong2022_proteomic	S2	Dong 2022 Table S5E
FU_iCCA	451		dong2022_proteomic	S1	Dong 2022 Table S5E
FU_iCCA	477		dong2022_proteomic	S2	Dong 2022 Table S5E
FU_iCCA	937		dong2022_proteomic	S4	Dong 2022 Table S5E
FU_iCCA	973		dong2022_proteomic	S3	Dong 2022 Table S5E
FU_iCCA	483		lin2026	SI	Lin 2026 Table S4D (Lin's calls)
FU_iCCA	391		lin2026	SI	Lin 2026 Table S4D (Lin's calls)
FU_iCCA	383		lin2026	SI	Lin 2026 Table S4D (Lin's calls)
FU_iCCA	441		lin2026	SI	Lin 2026 Table S4D (Lin's calls)
FU_iCCA	953		lin2026	SI	Lin 2026 Table S4D (Lin's calls)
FU_iCCA	385		lin2026	SI	Lin 2026 Table S4D (Lin's calls)
FU_iCCA	853		lin2026	SI	Lin 2026 Table S4D (Lin's calls)
FU_iCCA	225		lin2026	SI	Lin 2026 Table S4D (Lin's calls)
FU_iCCA	125		lin2026	SI	Lin 2026 Table S4D (Lin's calls)
FU_iCCA	537		lin2026	SI	Lin 2026 Table S4D (Lin's calls)
FU_iCCA	275		lin2026	SI	Lin 2026 Table S4D (Lin's calls)
FU_iCCA	945		lin2026	SI	Lin 2026 Table S4D (Lin's calls)
FU_iCCA	453		lin2026	SI	Lin 2026 Table S4D (Lin's calls)
FU_iCCA	397		lin2026	SI	Lin 2026 Table S4D (Lin's calls)
FU_iCCA	167		lin2026	SI	Lin 2026 Table S4D (Lin's calls)
FU_iCCA	587		lin2026	SI	Lin 2026 Table S4D (Lin's calls)
FU_iCCA	351		lin2026	SI	Lin 2026 Table S4D (Lin's calls)
FU_iCCA	461		lin2026	SI	Lin 2026 Table S4D (Lin's calls)
FU_iCCA	465		lin2026	SI	Lin 2026 Table S4D (Lin's calls)
FU_iCCA	243		lin2026	SI	Lin 2026 Table S4D (Lin's calls)
FU_iCCA	381		lin2026	SI	Lin 2026 Table S4D (Lin's calls)
FU_iCCA	357		lin2026	SI	Lin 2026 Table S4D (Lin's calls)
FU_iCCA	235		lin2026	SI	Lin 2026 Table S4D (Lin's calls)
FU_iCCA	851		lin2026	SI	Lin 2026 Table S4D (Lin's calls)
FU_iCCA	583		lin2026	SI	Lin 2026 Table S4D (Lin's calls)
FU_iCCA	341		lin2026	SI	Lin 2026 Table S4D (Lin's calls)
FU_iCCA	325		lin2026	SI	Lin 2026 Table S4D (Lin's calls)
FU_iCCA	653		lin2026	SI	Lin 2026 Table S4D (Lin's calls)
FU_iCCA	647		lin2026	SI	Lin 2026 Table S4D (Lin's calls)
FU_iCCA	633		lin2026	SI	Lin 2026 Table S4D (Lin's calls)
FU_iCCA	437		lin2026	SI	Lin 2026 Table S4D (Lin's calls)
FU_iCCA	217		lin2026	SI	Lin 2026 Table S4D (Lin's calls)
FU_iCCA	147		lin2026	SI	Lin 2026 Table S4D (Lin's calls)
FU_iCCA	261		lin2026	SI	Lin 2026 Table S4D (Lin's calls)
FU_iCCA	387		lin2026	SI	Lin 2026 Table S4D (Lin's calls)
FU_iCCA	281		lin2026	SI	Lin 2026 Table S4D (Lin's calls)
FU_iCCA	685		lin2026	SI	Lin 2026 Table S4D (Lin's calls)
FU_iCCA	961		lin2026	SI	Lin 2026 Table S4D (Lin's calls)
FU_iCCA	871		lin2026	SI	Lin 2026 Table S4D (Lin's calls)
FU_iCCA	371		lin2026	SI	Lin 2026 Table S4D (Lin's calls)
FU_iCCA	827		lin2026	SI	Lin 2026 Table S4D (Lin's calls)
FU_iCCA	365		lin2026	SI	Lin 2026 Table S4D (Lin's calls)
FU_iCCA	337		lin2026	SI	Lin 2026 Table S4D (Lin's calls)
FU_iCCA	141		lin2026	SI	Lin 2026 Table S4D (Lin's calls)
FU_iCCA	841		lin2026	SI	Lin 2026 Table S4D (Lin's calls)
FU_iCCA	435		lin2026	SI	Lin 2026 Table S4D (Lin's calls)
FU_iCCA	833		lin2026	SI	Lin 2026 Table S4D (Lin's calls)
FU_iCCA	823		lin2026	SI	Lin 2026 Table S4D (Lin's calls)
FU_iCCA	431		lin2026	SI	Lin 2026 Table S4D (Lin's calls)
FU_iCCA	195		lin2026	SI	Lin 2026 Table S4D (Lin's calls)
FU_iCCA	867		lin2026	SI	Lin 2026 Table S4D (Lin's calls)
FU_iCCA	645		lin2026	SI	Lin 2026 Table S4D (Lin's calls)
FU_iCCA	881		lin2026	SI	Lin 2026 Table S4D (Lin's calls)
FU_iCCA	127		lin2026	SI	Lin 2026 Table S4D (Lin's calls)
FU_iCCA	915		lin2026	SI	Lin 2026 Table S4D (Lin's calls)
FU_iCCA	491		lin2026	SI	Lin 2026 Table S4D (Lin's calls)
FU_iCCA	131		lin2026	SI	Lin 2026 Table S4D (Lin's calls)
FU_iCCA	525		lin2026	SI	Lin 2026 Table S4D (Lin's calls)
FU_iCCA	373		lin2026	SI	Lin 2026 Table S4D (Lin's calls)
FU_iCCA	555		lin2026	SI	Lin 2026 Table S4D (Lin's calls)
FU_iCCA	181		lin2026	SI	Lin 2026 Table S4D (Lin's calls)
FU_iCCA	863		lin2026	SI	Lin 2026 Table S4D (Lin's calls)
FU_iCCA	221		lin2026	SI	Lin 2026 Table S4D (Lin's calls)
FU_iCCA	965		lin2026	SI	Lin 2026 Table S4D (Lin's calls)
FU_iCCA	973		lin2026	SI	Lin 2026 Table S4D (Lin's calls)
FU_iCCA	427		lin2026	SI	Lin 2026 Table S4D (Lin's calls)
FU_iCCA	211		lin2026	SI	Lin 2026 Table S4D (Lin's calls)
FU_iCCA	151		lin2026	SI	Lin 2026 Table S4D (Lin's calls)
FU_iCCA	423		lin2026	SI	Lin 2026 Table S4D (Lin's calls)
FU_iCCA	513		lin2026	SI	Lin 2026 Table S4D (Lin's calls)
FU_iCCA	157		lin2026	SII	Lin 2026 Table S4D (Lin's calls)
FU_iCCA	631		lin2026	SII	Lin 2026 Table S4D (Lin's calls)
FU_iCCA	655		lin2026	SII	Lin 2026 Table S4D (Lin's calls)
FU_iCCA	981		lin2026	SII	Lin 2026 Table S4D (Lin's calls)
FU_iCCA	691		lin2026	SII	Lin 2026 Table S4D (Lin's calls)
FU_iCCA	241		lin2026	SII	Lin 2026 Table S4D (Lin's calls)
FU_iCCA	565		lin2026	SII	Lin 2026 Table S4D (Lin's calls)
FU_iCCA	377		lin2026	SII	Lin 2026 Table S4D (Lin's calls)
FU_iCCA	471		lin2026	SII	Lin 2026 Table S4D (Lin's calls)
FU_iCCA	485		lin2026	SII	Lin 2026 Table S4D (Lin's calls)
FU_iCCA	963		lin2026	SII	Lin 2026 Table S4D (Lin's calls)
FU_iCCA	663		lin2026	SII	Lin 2026 Table S4D (Lin's calls)
FU_iCCA	681		lin2026	SII	Lin 2026 Table S4D (Lin's calls)
FU_iCCA	665		lin2026	SII	Lin 2026 Table S4D (Lin's calls)
FU_iCCA	575		lin2026	SII	Lin 2026 Table S4D (Lin's calls)
FU_iCCA	553		lin2026	SII	Lin 2026 Table S4D (Lin's calls)
FU_iCCA	811		lin2026	SII	Lin 2026 Table S4D (Lin's calls)
FU_iCCA	173		lin2026	SII	Lin 2026 Table S4D (Lin's calls)
FU_iCCA	637		lin2026	SII	Lin 2026 Table S4D (Lin's calls)
FU_iCCA	917		lin2026	SII	Lin 2026 Table S4D (Lin's calls)
FU_iCCA	971		lin2026	SII	Lin 2026 Table S4D (Lin's calls)
FU_iCCA	115		lin2026	SII	Lin 2026 Table S4D (Lin's calls)
FU_iCCA	677		lin2026	SII	Lin 2026 Table S4D (Lin's calls)
FU_iCCA	255		lin2026	SII	Lin 2026 Table S4D (Lin's calls)
FU_iCCA	111		lin2026	SII	Lin 2026 Table S4D (Lin's calls)
FU_iCCA	567		lin2026	SII	Lin 2026 Table S4D (Lin's calls)
FU_iCCA	343		lin2026	SII	Lin 2026 Table S4D (Lin's calls)
FU_iCCA	425		lin2026	SII	Lin 2026 Table S4D (Lin's calls)
FU_iCCA	133		lin2026	SII	Lin 2026 Table S4D (Lin's calls)
FU_iCCA	511		lin2026	SII	Lin 2026 Table S4D (Lin's calls)
FU_iCCA	627		lin2026	SII	Lin 2026 Table S4D (Lin's calls)
FU_iCCA	155		lin2026	SII	Lin 2026 Table S4D (Lin's calls)
FU_iCCA	175		lin2026	SII	Lin 2026 Table S4D (Lin's calls)
FU_iCCA	233		lin2026	SII	Lin 2026 Table S4D (Lin's calls)
FU_iCCA	885		lin2026	SII	Lin 2026 Table S4D (Lin's calls)
FU_iCCA	283		lin2026	SII	Lin 2026 Table S4D (Lin's calls)
FU_iCCA	451		lin2026	SII	Lin 2026 Table S4D (Lin's calls)
FU_iCCA	831		lin2026	SII	Lin 2026 Table S4D (Lin's calls)
FU_iCCA	165		lin2026	SIII-1	Lin 2026 Table S4D (Lin's calls)
FU_iCCA	185		lin2026	SIII-1	Lin 2026 Table S4D (Lin's calls)
FU_iCCA	135		lin2026	SIII-1	Lin 2026 Table S4D (Lin's calls)
FU_iCCA	231		lin2026	SIII-1	Lin 2026 Table S4D (Lin's calls)
FU_iCCA	395		lin2026	SIII-1	Lin 2026 Table S4D (Lin's calls)
FU_iCCA	625		lin2026	SIII-1	Lin 2026 Table S4D (Lin's calls)
FU_iCCA	573		lin2026	SIII-1	Lin 2026 Table S4D (Lin's calls)
FU_iCCA	951		lin2026	SIII-1	Lin 2026 Table S4D (Lin's calls)
FU_iCCA	581		lin2026	SIII-1	Lin 2026 Table S4D (Lin's calls)
FU_iCCA	213		lin2026	SIII-1	Lin 2026 Table S4D (Lin's calls)
FU_iCCA	363		lin2026	SIII-1	Lin 2026 Table S4D (Lin's calls)
FU_iCCA	817		lin2026	SIII-1	Lin 2026 Table S4D (Lin's calls)
FU_iCCA	875		lin2026	SIII-1	Lin 2026 Table S4D (Lin's calls)
FU_iCCA	393		lin2026	SIII-1	Lin 2026 Table S4D (Lin's calls)
FU_iCCA	533		lin2026	SIII-1	Lin 2026 Table S4D (Lin's calls)
FU_iCCA	121		lin2026	SIII-1	Lin 2026 Table S4D (Lin's calls)
FU_iCCA	911		lin2026	SIII-1	Lin 2026 Table S4D (Lin's calls)
FU_iCCA	635		lin2026	SIII-1	Lin 2026 Table S4D (Lin's calls)
FU_iCCA	515		lin2026	SIII-1	Lin 2026 Table S4D (Lin's calls)
FU_iCCA	641		lin2026	SIII-1	Lin 2026 Table S4D (Lin's calls)
FU_iCCA	835		lin2026	SIII-1	Lin 2026 Table S4D (Lin's calls)
FU_iCCA	253		lin2026	SIII-1	Lin 2026 Table S4D (Lin's calls)
FU_iCCA	113		lin2026	SIII-1	Lin 2026 Table S4D (Lin's calls)
FU_iCCA	421		lin2026	SIII-1	Lin 2026 Table S4D (Lin's calls)
FU_iCCA	267		lin2026	SIII-1	Lin 2026 Table S4D (Lin's calls)
FU_iCCA	323		lin2026	SIII-1	Lin 2026 Table S4D (Lin's calls)
FU_iCCA	517		lin2026	SIII-1	Lin 2026 Table S4D (Lin's calls)
FU_iCCA	983		lin2026	SIII-1	Lin 2026 Table S4D (Lin's calls)
FU_iCCA	543		lin2026	SIII-1	Lin 2026 Table S4D (Lin's calls)
FU_iCCA	657		lin2026	SIII-1	Lin 2026 Table S4D (Lin's calls)
FU_iCCA	521		lin2026	SIII-1	Lin 2026 Table S4D (Lin's calls)
FU_iCCA	987		lin2026	SIII-1	Lin 2026 Table S4D (Lin's calls)
FU_iCCA	585		lin2026	SIII-1	Lin 2026 Table S4D (Lin's calls)
FU_iCCA	523		lin2026	SIII-1	Lin 2026 Table S4D (Lin's calls)
FU_iCCA	861		lin2026	SIII-1	Lin 2026 Table S4D (Lin's calls)
FU_iCCA	557		lin2026	SIII-1	Lin 2026 Table S4D (Lin's calls)
FU_iCCA	223		lin2026	SIII-1	Lin 2026 Table S4D (Lin's calls)
FU_iCCA	497		lin2026	SIII-1	Lin 2026 Table S4D (Lin's calls)
FU_iCCA	271		lin2026	SIII-1	Lin 2026 Table S4D (Lin's calls)
FU_iCCA	447		lin2026	SIII-1	Lin 2026 Table S4D (Lin's calls)
FU_iCCA	463		lin2026	SIII-1	Lin 2026 Table S4D (Lin's calls)
FU_iCCA	417		lin2026	SIII-1	Lin 2026 Table S4D (Lin's calls)
FU_iCCA	277		lin2026	SIII-1	Lin 2026 Table S4D (Lin's calls)
FU_iCCA	375		lin2026	SIII-1	Lin 2026 Table S4D (Lin's calls)
FU_iCCA	977		lin2026	SIII-1	Lin 2026 Table S4D (Lin's calls)
FU_iCCA	865		lin2026	SIII-1	Lin 2026 Table S4D (Lin's calls)
FU_iCCA	561		lin2026	SIII-1	Lin 2026 Table S4D (Lin's calls)
FU_iCCA	247		lin2026	SIII-1	Lin 2026 Table S4D (Lin's calls)
FU_iCCA	825		lin2026	SIII-1	Lin 2026 Table S4D (Lin's calls)
FU_iCCA	687		lin2026	SIII-1	Lin 2026 Table S4D (Lin's calls)
FU_iCCA	475		lin2026	SIII-1	Lin 2026 Table S4D (Lin's calls)
FU_iCCA	311		lin2026	SIII-1	Lin 2026 Table S4D (Lin's calls)
FU_iCCA	331		lin2026	SIII-1	Lin 2026 Table S4D (Lin's calls)
FU_iCCA	163		lin2026	SIII-1	Lin 2026 Table S4D (Lin's calls)
FU_iCCA	251		lin2026	SIII-1	Lin 2026 Table S4D (Lin's calls)
FU_iCCA	477		lin2026	SIII-1	Lin 2026 Table S4D (Lin's calls)
FU_iCCA	547		lin2026	SIII-1	Lin 2026 Table S4D (Lin's calls)
FU_iCCA	931		lin2026	SIII-1	Lin 2026 Table S4D (Lin's calls)
FU_iCCA	843		lin2026	SIII-1	Lin 2026 Table S4D (Lin's calls)
FU_iCCA	683		lin2026	SIII-1	Lin 2026 Table S4D (Lin's calls)
FU_iCCA	651		lin2026	SIII-1	Lin 2026 Table S4D (Lin's calls)
FU_iCCA	455		lin2026	SIII-1	Lin 2026 Table S4D (Lin's calls)
FU_iCCA	857		lin2026	SIII-1	Lin 2026 Table S4D (Lin's calls)
FU_iCCA	413		lin2026	SIII-1	Lin 2026 Table S4D (Lin's calls)
FU_iCCA	257		lin2026	SIII-2	Lin 2026 Table S4D (Lin's calls)
FU_iCCA	145		lin2026	SIII-2	Lin 2026 Table S4D (Lin's calls)
FU_iCCA	273		lin2026	SIII-2	Lin 2026 Table S4D (Lin's calls)
FU_iCCA	191		lin2026	SIII-2	Lin 2026 Table S4D (Lin's calls)
FU_iCCA	821		lin2026	SIII-2	Lin 2026 Table S4D (Lin's calls)
FU_iCCA	927		lin2026	SIII-2	Lin 2026 Table S4D (Lin's calls)
FU_iCCA	923		lin2026	SIII-2	Lin 2026 Table S4D (Lin's calls)
FU_iCCA	913		lin2026	SIII-2	Lin 2026 Table S4D (Lin's calls)
FU_iCCA	265		lin2026	SIII-2	Lin 2026 Table S4D (Lin's calls)
FU_iCCA	183		lin2026	SIII-2	Lin 2026 Table S4D (Lin's calls)
FU_iCCA	193		lin2026	SIII-2	Lin 2026 Table S4D (Lin's calls)
FU_iCCA	495		lin2026	SIII-2	Lin 2026 Table S4D (Lin's calls)
FU_iCCA	457		lin2026	SIII-2	Lin 2026 Table S4D (Lin's calls)
FU_iCCA	197		lin2026	SIII-2	Lin 2026 Table S4D (Lin's calls)
FU_iCCA	937		lin2026	SIII-2	Lin 2026 Table S4D (Lin's calls)
FU_iCCA	433		lin2026	SIII-2	Lin 2026 Table S4D (Lin's calls)
FU_iCCA	445		lin2026	SIII-2	Lin 2026 Table S4D (Lin's calls)
FU_iCCA	847		lin2026	SIII-2	Lin 2026 Table S4D (Lin's calls)
FU_iCCA	535		lin2026	SIII-2	Lin 2026 Table S4D (Lin's calls)
FU_iCCA	353		lin2026	SIII-2	Lin 2026 Table S4D (Lin's calls)
FU_iCCA	345		lin2026	SIII-2	Lin 2026 Table S4D (Lin's calls)
FU_iCCA	245		lin2026	SIII-2	Lin 2026 Table S4D (Lin's calls)
FU_iCCA	883		lin2026	SIII-2	Lin 2026 Table S4D (Lin's calls)
FU_iCCA	153		lin2026	SIII-2	Lin 2026 Table S4D (Lin's calls)
FU_iCCA	335		lin2026	SIII-2	Lin 2026 Table S4D (Lin's calls)
FU_iCCA	263		lin2026	SIII-2	Lin 2026 Table S4D (Lin's calls)
FU_iCCA	541		lin2026	SIII-2	Lin 2026 Table S4D (Lin's calls)
FU_iCCA	317		lin2026	SIII-2	Lin 2026 Table S4D (Lin's calls)
FU_iCCA	925		lin2026	SIII-2	Lin 2026 Table S4D (Lin's calls)
FU_iCCA	215		lin2026	SIII-2	Lin 2026 Table S4D (Lin's calls)
FU_iCCA	993		lin2026	SIII-2	Lin 2026 Table S4D (Lin's calls)
FU_iCCA	545		lin2026	SIII-2	Lin 2026 Table S4D (Lin's calls)
FU_iCCA	615		lin2026	SIII-2	Lin 2026 Table S4D (Lin's calls)
FU_iCCA	877		lin2026	SIII-2	Lin 2026 Table S4D (Lin's calls)
FU_iCCA	161		lin2026	SIII-2	Lin 2026 Table S4D (Lin's calls)
FU_iCCA	143		lin2026	SIII-2	Lin 2026 Table S4D (Lin's calls)
FU_iCCA	137		lin2026	SIII-2	Lin 2026 Table S4D (Lin's calls)
FU_iCCA	941		lin2026	SIII-2	Lin 2026 Table S4D (Lin's calls)
FU_iCCA	187		lin2026	SIII-3	Lin 2026 Table S4D (Lin's calls)
FU_iCCA	813		lin2026	SIII-3	Lin 2026 Table S4D (Lin's calls)
FU_iCCA	487		lin2026	SIII-3	Lin 2026 Table S4D (Lin's calls)
FU_iCCA	177		lin2026	SIII-3	Lin 2026 Table S4D (Lin's calls)
FU_iCCA	617		lin2026	SIII-3	Lin 2026 Table S4D (Lin's calls)
FU_iCCA	563		lin2026	SIII-3	Lin 2026 Table S4D (Lin's calls)
FU_iCCA	623		lin2026	SIII-3	Lin 2026 Table S4D (Lin's calls)
FU_iCCA	845		lin2026	SIII-3	Lin 2026 Table S4D (Lin's calls)
FU_iCCA	613		lin2026	SIII-3	Lin 2026 Table S4D (Lin's calls)
FU_iCCA	473		lin2026	SIII-3	Lin 2026 Table S4D (Lin's calls)
FU_iCCA	975		lin2026	SIII-3	Lin 2026 Table S4D (Lin's calls)
FU_iCCA	493		lin2026	SIII-3	Lin 2026 Table S4D (Lin's calls)
FU_iCCA	921		lin2026	SIII-3	Lin 2026 Table S4D (Lin's calls)
FU_iCCA	551		lin2026	SIII-3	Lin 2026 Table S4D (Lin's calls)
FU_iCCA	675		lin2026	SIII-3	Lin 2026 Table S4D (Lin's calls)
FU_iCCA	237		lin2026	SIII-3	Lin 2026 Table S4D (Lin's calls)
FU_iCCA	411		lin2026	SIII-3	Lin 2026 Table S4D (Lin's calls)
FU_iCCA	415		lin2026	SIII-3	Lin 2026 Table S4D (Lin's calls)
FU_iCCA	577		lin2026	SIII-3	Lin 2026 Table S4D (Lin's calls)
FU_iCCA	361		lin2026	SIII-3	Lin 2026 Table S4D (Lin's calls)
FU_iCCA	661		lin2026	SIII-3	Lin 2026 Table S4D (Lin's calls)
FU_iCCA	673		lin2026	SIII-3	Lin 2026 Table S4D (Lin's calls)
FU_iCCA	947		lin2026	SIII-3	Lin 2026 Table S4D (Lin's calls)
FU_iCCA	957		lin2026	SIII-3	Lin 2026 Table S4D (Lin's calls)
FU_iCCA	355		lin2026	SIII-3	Lin 2026 Table S4D (Lin's calls)
FU_iCCA	591		lin2026	SIII-3	Lin 2026 Table S4D (Lin's calls)
FU_iCCA	123		lin2026	SIII-3	Lin 2026 Table S4D (Lin's calls)
FU_iCCA	327		lin2026	SIII-3	Lin 2026 Table S4D (Lin's calls)
FU_iCCA	117		lin2026	SIII-3	Lin 2026 Table S4D (Lin's calls)
FU_iCCA	285		lin2026	SIII-3	Lin 2026 Table S4D (Lin's calls)
FU_iCCA	621		lin2026	SIII-3	Lin 2026 Table S4D (Lin's calls)
FU_iCCA	467		lin2026	SIII-3	Lin 2026 Table S4D (Lin's calls)
FU_iCCA	531		lin2026	SIII-3	Lin 2026 Table S4D (Lin's calls)
FU_iCCA	995		lin2026	SIII-3	Lin 2026 Table S4D (Lin's calls)
FU_iCCA	443		lin2026	SIII-3	Lin 2026 Table S4D (Lin's calls)
FU_iCCA	313		lin2026	SIII-3	Lin 2026 Table S4D (Lin's calls)
FU_iCCA	367		lin2026	SIII-3	Lin 2026 Table S4D (Lin's calls)
FU_iCCA	693		lin2026	SIII-3	Lin 2026 Table S4D (Lin's calls)
FU_iCCA	667		lin2026	SIII-3	Lin 2026 Table S4D (Lin's calls)
FU_iCCA	611		lin2026	SIII-3	Lin 2026 Table S4D (Lin's calls)
FU_iCCA	171		lin2026	SIII-3	Lin 2026 Table S4D (Lin's calls)
FU_iCCA	855		lin2026	SIII-3	Lin 2026 Table S4D (Lin's calls)
FU_iCCA	571		lin2026	SIII-3	Lin 2026 Table S4D (Lin's calls)
FU_iCCA	643		lin2026	SIII-3	Lin 2026 Table S4D (Lin's calls)
FU_iCCA	347		lin2026	SIII-3	Lin 2026 Table S4D (Lin's calls)
FU_iCCA	483		andersen2012	Cluster 2	Lin 2026 Table S4D (Lin's calls)
FU_iCCA	391		andersen2012	Cluster 2	Lin 2026 Table S4D (Lin's calls)
FU_iCCA	383		andersen2012	Cluster 2	Lin 2026 Table S4D (Lin's calls)
FU_iCCA	441		andersen2012	Cluster 2	Lin 2026 Table S4D (Lin's calls)
FU_iCCA	953		andersen2012	Cluster 2	Lin 2026 Table S4D (Lin's calls)
FU_iCCA	385		andersen2012	Cluster 2	Lin 2026 Table S4D (Lin's calls)
FU_iCCA	853		andersen2012	Cluster 2	Lin 2026 Table S4D (Lin's calls)
FU_iCCA	225		andersen2012	Cluster 2	Lin 2026 Table S4D (Lin's calls)
FU_iCCA	125		andersen2012	Cluster 2	Lin 2026 Table S4D (Lin's calls)
FU_iCCA	537		andersen2012	Cluster 2	Lin 2026 Table S4D (Lin's calls)
FU_iCCA	275		andersen2012	Cluster 2	Lin 2026 Table S4D (Lin's calls)
FU_iCCA	945		andersen2012	Cluster 2	Lin 2026 Table S4D (Lin's calls)
FU_iCCA	453		andersen2012	Cluster 2	Lin 2026 Table S4D (Lin's calls)
FU_iCCA	397		andersen2012	Cluster 2	Lin 2026 Table S4D (Lin's calls)
FU_iCCA	167		andersen2012	Cluster 2	Lin 2026 Table S4D (Lin's calls)
FU_iCCA	587		andersen2012	Cluster 2	Lin 2026 Table S4D (Lin's calls)
FU_iCCA	351		andersen2012	Cluster 2	Lin 2026 Table S4D (Lin's calls)
FU_iCCA	461		andersen2012	Cluster 2	Lin 2026 Table S4D (Lin's calls)
FU_iCCA	465		andersen2012	Cluster 2	Lin 2026 Table S4D (Lin's calls)
FU_iCCA	243		andersen2012	Cluster 2	Lin 2026 Table S4D (Lin's calls)
FU_iCCA	381		andersen2012	Cluster 2	Lin 2026 Table S4D (Lin's calls)
FU_iCCA	357		andersen2012	Cluster 2	Lin 2026 Table S4D (Lin's calls)
FU_iCCA	235		andersen2012	Cluster 2	Lin 2026 Table S4D (Lin's calls)
FU_iCCA	851		andersen2012	Cluster 2	Lin 2026 Table S4D (Lin's calls)
FU_iCCA	583		andersen2012	Cluster 2	Lin 2026 Table S4D (Lin's calls)
FU_iCCA	341		andersen2012	Cluster 2	Lin 2026 Table S4D (Lin's calls)
FU_iCCA	325		andersen2012	Cluster 2	Lin 2026 Table S4D (Lin's calls)
FU_iCCA	653		andersen2012	Cluster 2	Lin 2026 Table S4D (Lin's calls)
FU_iCCA	647		andersen2012	Cluster 2	Lin 2026 Table S4D (Lin's calls)
FU_iCCA	633		andersen2012	Cluster 2	Lin 2026 Table S4D (Lin's calls)
FU_iCCA	437		andersen2012	Cluster 2	Lin 2026 Table S4D (Lin's calls)
FU_iCCA	217		andersen2012	Cluster 2	Lin 2026 Table S4D (Lin's calls)
FU_iCCA	147		andersen2012	Cluster 2	Lin 2026 Table S4D (Lin's calls)
FU_iCCA	261		andersen2012	Cluster 2	Lin 2026 Table S4D (Lin's calls)
FU_iCCA	387		andersen2012	Cluster 2	Lin 2026 Table S4D (Lin's calls)
FU_iCCA	281		andersen2012	Cluster 2	Lin 2026 Table S4D (Lin's calls)
FU_iCCA	685		andersen2012	Cluster 2	Lin 2026 Table S4D (Lin's calls)
FU_iCCA	961		andersen2012	Cluster 2	Lin 2026 Table S4D (Lin's calls)
FU_iCCA	871		andersen2012	Cluster 2	Lin 2026 Table S4D (Lin's calls)
FU_iCCA	371		andersen2012	Cluster 2	Lin 2026 Table S4D (Lin's calls)
FU_iCCA	827		andersen2012	Cluster 2	Lin 2026 Table S4D (Lin's calls)
FU_iCCA	365		andersen2012	Cluster 2	Lin 2026 Table S4D (Lin's calls)
FU_iCCA	337		andersen2012	Cluster 2	Lin 2026 Table S4D (Lin's calls)
FU_iCCA	141		andersen2012	Cluster 2	Lin 2026 Table S4D (Lin's calls)
FU_iCCA	841		andersen2012	Cluster 2	Lin 2026 Table S4D (Lin's calls)
FU_iCCA	435		andersen2012	Cluster 2	Lin 2026 Table S4D (Lin's calls)
FU_iCCA	833		andersen2012	Cluster 2	Lin 2026 Table S4D (Lin's calls)
FU_iCCA	823		andersen2012	Cluster 2	Lin 2026 Table S4D (Lin's calls)
FU_iCCA	431		andersen2012	Cluster 2	Lin 2026 Table S4D (Lin's calls)
FU_iCCA	195		andersen2012	Cluster 2	Lin 2026 Table S4D (Lin's calls)
FU_iCCA	867		andersen2012	Cluster 2	Lin 2026 Table S4D (Lin's calls)
FU_iCCA	645		andersen2012	Cluster 2	Lin 2026 Table S4D (Lin's calls)
FU_iCCA	881		andersen2012	Cluster 2	Lin 2026 Table S4D (Lin's calls)
FU_iCCA	127		andersen2012	Cluster 2	Lin 2026 Table S4D (Lin's calls)
FU_iCCA	915		andersen2012	Cluster 2	Lin 2026 Table S4D (Lin's calls)
FU_iCCA	491		andersen2012	Cluster 2	Lin 2026 Table S4D (Lin's calls)
FU_iCCA	131		andersen2012	Cluster 2	Lin 2026 Table S4D (Lin's calls)
FU_iCCA	525		andersen2012	Cluster 2	Lin 2026 Table S4D (Lin's calls)
FU_iCCA	373		andersen2012	Cluster 2	Lin 2026 Table S4D (Lin's calls)
FU_iCCA	555		andersen2012	Cluster 2	Lin 2026 Table S4D (Lin's calls)
FU_iCCA	181		andersen2012	Cluster 2	Lin 2026 Table S4D (Lin's calls)
FU_iCCA	863		andersen2012	Cluster 2	Lin 2026 Table S4D (Lin's calls)
FU_iCCA	221		andersen2012	Cluster 2	Lin 2026 Table S4D (Lin's calls)
FU_iCCA	965		andersen2012	Cluster 2	Lin 2026 Table S4D (Lin's calls)
FU_iCCA	973		andersen2012	Cluster 2	Lin 2026 Table S4D (Lin's calls)
FU_iCCA	427		andersen2012	Cluster 2	Lin 2026 Table S4D (Lin's calls)
FU_iCCA	211		andersen2012	Cluster 2	Lin 2026 Table S4D (Lin's calls)
FU_iCCA	151		andersen2012	Cluster 2	Lin 2026 Table S4D (Lin's calls)
FU_iCCA	423		andersen2012	Cluster 2	Lin 2026 Table S4D (Lin's calls)
FU_iCCA	513		andersen2012	Cluster 2	Lin 2026 Table S4D (Lin's calls)
FU_iCCA	157		andersen2012	Cluster 1	Lin 2026 Table S4D (Lin's calls)
FU_iCCA	631		andersen2012	Cluster 1	Lin 2026 Table S4D (Lin's calls)
FU_iCCA	655		andersen2012	Cluster 1	Lin 2026 Table S4D (Lin's calls)
FU_iCCA	981		andersen2012	Cluster 1	Lin 2026 Table S4D (Lin's calls)
FU_iCCA	691		andersen2012	Cluster 1	Lin 2026 Table S4D (Lin's calls)
FU_iCCA	241		andersen2012	Cluster 1	Lin 2026 Table S4D (Lin's calls)
FU_iCCA	565		andersen2012	Cluster 1	Lin 2026 Table S4D (Lin's calls)
FU_iCCA	377		andersen2012	Cluster 1	Lin 2026 Table S4D (Lin's calls)
FU_iCCA	471		andersen2012	Cluster 1	Lin 2026 Table S4D (Lin's calls)
FU_iCCA	485		andersen2012	Cluster 1	Lin 2026 Table S4D (Lin's calls)
FU_iCCA	963		andersen2012	Cluster 1	Lin 2026 Table S4D (Lin's calls)
FU_iCCA	663		andersen2012	Cluster 1	Lin 2026 Table S4D (Lin's calls)
FU_iCCA	681		andersen2012	Cluster 1	Lin 2026 Table S4D (Lin's calls)
FU_iCCA	665		andersen2012	Cluster 1	Lin 2026 Table S4D (Lin's calls)
FU_iCCA	575		andersen2012	Cluster 1	Lin 2026 Table S4D (Lin's calls)
FU_iCCA	553		andersen2012	Cluster 1	Lin 2026 Table S4D (Lin's calls)
FU_iCCA	811		andersen2012	Cluster 1	Lin 2026 Table S4D (Lin's calls)
FU_iCCA	173		andersen2012	Cluster 1	Lin 2026 Table S4D (Lin's calls)
FU_iCCA	637		andersen2012	Cluster 1	Lin 2026 Table S4D (Lin's calls)
FU_iCCA	917		andersen2012	Cluster 1	Lin 2026 Table S4D (Lin's calls)
FU_iCCA	971		andersen2012	Cluster 1	Lin 2026 Table S4D (Lin's calls)
FU_iCCA	115		andersen2012	Cluster 1	Lin 2026 Table S4D (Lin's calls)
FU_iCCA	677		andersen2012	Cluster 1	Lin 2026 Table S4D (Lin's calls)
FU_iCCA	255		andersen2012	Cluster 1	Lin 2026 Table S4D (Lin's calls)
FU_iCCA	111		andersen2012	Cluster 1	Lin 2026 Table S4D (Lin's calls)
FU_iCCA	567		andersen2012	Cluster 1	Lin 2026 Table S4D (Lin's calls)
FU_iCCA	343		andersen2012	Cluster 1	Lin 2026 Table S4D (Lin's calls)
FU_iCCA	425		andersen2012	Cluster 1	Lin 2026 Table S4D (Lin's calls)
FU_iCCA	133		andersen2012	Cluster 1	Lin 2026 Table S4D (Lin's calls)
FU_iCCA	511		andersen2012	Cluster 1	Lin 2026 Table S4D (Lin's calls)
FU_iCCA	627		andersen2012	Cluster 2	Lin 2026 Table S4D (Lin's calls)
FU_iCCA	155		andersen2012	Cluster 2	Lin 2026 Table S4D (Lin's calls)
FU_iCCA	175		andersen2012	Cluster 2	Lin 2026 Table S4D (Lin's calls)
FU_iCCA	233		andersen2012	Cluster 2	Lin 2026 Table S4D (Lin's calls)
FU_iCCA	885		andersen2012	Cluster 2	Lin 2026 Table S4D (Lin's calls)
FU_iCCA	283		andersen2012	Cluster 2	Lin 2026 Table S4D (Lin's calls)
FU_iCCA	451		andersen2012	Cluster 2	Lin 2026 Table S4D (Lin's calls)
FU_iCCA	831		andersen2012	Cluster 2	Lin 2026 Table S4D (Lin's calls)
FU_iCCA	165		andersen2012	Cluster 1	Lin 2026 Table S4D (Lin's calls)
FU_iCCA	185		andersen2012	Cluster 1	Lin 2026 Table S4D (Lin's calls)
FU_iCCA	135		andersen2012	Cluster 1	Lin 2026 Table S4D (Lin's calls)
FU_iCCA	231		andersen2012	Cluster 1	Lin 2026 Table S4D (Lin's calls)
FU_iCCA	395		andersen2012	Cluster 1	Lin 2026 Table S4D (Lin's calls)
FU_iCCA	625		andersen2012	Cluster 1	Lin 2026 Table S4D (Lin's calls)
FU_iCCA	573		andersen2012	Cluster 1	Lin 2026 Table S4D (Lin's calls)
FU_iCCA	951		andersen2012	Cluster 1	Lin 2026 Table S4D (Lin's calls)
FU_iCCA	581		andersen2012	Cluster 1	Lin 2026 Table S4D (Lin's calls)
FU_iCCA	213		andersen2012	Cluster 1	Lin 2026 Table S4D (Lin's calls)
FU_iCCA	363		andersen2012	Cluster 1	Lin 2026 Table S4D (Lin's calls)
FU_iCCA	817		andersen2012	Cluster 1	Lin 2026 Table S4D (Lin's calls)
FU_iCCA	875		andersen2012	Cluster 1	Lin 2026 Table S4D (Lin's calls)
FU_iCCA	393		andersen2012	Cluster 1	Lin 2026 Table S4D (Lin's calls)
FU_iCCA	533		andersen2012	Cluster 1	Lin 2026 Table S4D (Lin's calls)
FU_iCCA	121		andersen2012	Cluster 1	Lin 2026 Table S4D (Lin's calls)
FU_iCCA	911		andersen2012	Cluster 1	Lin 2026 Table S4D (Lin's calls)
FU_iCCA	635		andersen2012	Cluster 1	Lin 2026 Table S4D (Lin's calls)
FU_iCCA	515		andersen2012	Cluster 1	Lin 2026 Table S4D (Lin's calls)
FU_iCCA	641		andersen2012	Cluster 1	Lin 2026 Table S4D (Lin's calls)
FU_iCCA	835		andersen2012	Cluster 1	Lin 2026 Table S4D (Lin's calls)
FU_iCCA	253		andersen2012	Cluster 1	Lin 2026 Table S4D (Lin's calls)
FU_iCCA	113		andersen2012	Cluster 1	Lin 2026 Table S4D (Lin's calls)
FU_iCCA	421		andersen2012	Cluster 1	Lin 2026 Table S4D (Lin's calls)
FU_iCCA	267		andersen2012	Cluster 1	Lin 2026 Table S4D (Lin's calls)
FU_iCCA	323		andersen2012	Cluster 1	Lin 2026 Table S4D (Lin's calls)
FU_iCCA	517		andersen2012	Cluster 1	Lin 2026 Table S4D (Lin's calls)
FU_iCCA	983		andersen2012	Cluster 1	Lin 2026 Table S4D (Lin's calls)
FU_iCCA	543		andersen2012	Cluster 1	Lin 2026 Table S4D (Lin's calls)
FU_iCCA	657		andersen2012	Cluster 1	Lin 2026 Table S4D (Lin's calls)
FU_iCCA	521		andersen2012	Cluster 1	Lin 2026 Table S4D (Lin's calls)
FU_iCCA	987		andersen2012	Cluster 1	Lin 2026 Table S4D (Lin's calls)
FU_iCCA	585		andersen2012	Cluster 1	Lin 2026 Table S4D (Lin's calls)
FU_iCCA	523		andersen2012	Cluster 1	Lin 2026 Table S4D (Lin's calls)
FU_iCCA	861		andersen2012	Cluster 1	Lin 2026 Table S4D (Lin's calls)
FU_iCCA	557		andersen2012	Cluster 1	Lin 2026 Table S4D (Lin's calls)
FU_iCCA	223		andersen2012	Cluster 1	Lin 2026 Table S4D (Lin's calls)
FU_iCCA	497		andersen2012	Cluster 1	Lin 2026 Table S4D (Lin's calls)
FU_iCCA	271		andersen2012	Cluster 1	Lin 2026 Table S4D (Lin's calls)
FU_iCCA	447		andersen2012	Cluster 1	Lin 2026 Table S4D (Lin's calls)
FU_iCCA	463		andersen2012	Cluster 1	Lin 2026 Table S4D (Lin's calls)
FU_iCCA	417		andersen2012	Cluster 1	Lin 2026 Table S4D (Lin's calls)
FU_iCCA	277		andersen2012	Cluster 1	Lin 2026 Table S4D (Lin's calls)
FU_iCCA	375		andersen2012	Cluster 1	Lin 2026 Table S4D (Lin's calls)
FU_iCCA	977		andersen2012	Cluster 1	Lin 2026 Table S4D (Lin's calls)
FU_iCCA	865		andersen2012	Cluster 1	Lin 2026 Table S4D (Lin's calls)
FU_iCCA	561		andersen2012	Cluster 1	Lin 2026 Table S4D (Lin's calls)
FU_iCCA	247		andersen2012	Cluster 1	Lin 2026 Table S4D (Lin's calls)
FU_iCCA	825		andersen2012	Cluster 1	Lin 2026 Table S4D (Lin's calls)
FU_iCCA	687		andersen2012	Cluster 1	Lin 2026 Table S4D (Lin's calls)
FU_iCCA	475		andersen2012	Cluster 1	Lin 2026 Table S4D (Lin's calls)
FU_iCCA	311		andersen2012	Cluster 1	Lin 2026 Table S4D (Lin's calls)
FU_iCCA	331		andersen2012	Cluster 1	Lin 2026 Table S4D (Lin's calls)
FU_iCCA	163		andersen2012	Cluster 1	Lin 2026 Table S4D (Lin's calls)
FU_iCCA	251		andersen2012	Cluster 1	Lin 2026 Table S4D (Lin's calls)
FU_iCCA	477		andersen2012	Cluster 1	Lin 2026 Table S4D (Lin's calls)
FU_iCCA	547		andersen2012	Cluster 2	Lin 2026 Table S4D (Lin's calls)
FU_iCCA	931		andersen2012	Cluster 2	Lin 2026 Table S4D (Lin's calls)
FU_iCCA	843		andersen2012	Cluster 2	Lin 2026 Table S4D (Lin's calls)
FU_iCCA	683		andersen2012	Cluster 2	Lin 2026 Table S4D (Lin's calls)
FU_iCCA	651		andersen2012	Cluster 2	Lin 2026 Table S4D (Lin's calls)
FU_iCCA	455		andersen2012	Cluster 2	Lin 2026 Table S4D (Lin's calls)
FU_iCCA	857		andersen2012	Cluster 2	Lin 2026 Table S4D (Lin's calls)
FU_iCCA	413		andersen2012	Cluster 2	Lin 2026 Table S4D (Lin's calls)
FU_iCCA	257		andersen2012	Cluster 1	Lin 2026 Table S4D (Lin's calls)
FU_iCCA	145		andersen2012	Cluster 1	Lin 2026 Table S4D (Lin's calls)
FU_iCCA	273		andersen2012	Cluster 1	Lin 2026 Table S4D (Lin's calls)
FU_iCCA	191		andersen2012	Cluster 1	Lin 2026 Table S4D (Lin's calls)
FU_iCCA	821		andersen2012	Cluster 1	Lin 2026 Table S4D (Lin's calls)
FU_iCCA	927		andersen2012	Cluster 1	Lin 2026 Table S4D (Lin's calls)
FU_iCCA	923		andersen2012	Cluster 1	Lin 2026 Table S4D (Lin's calls)
FU_iCCA	913		andersen2012	Cluster 1	Lin 2026 Table S4D (Lin's calls)
FU_iCCA	265		andersen2012	Cluster 1	Lin 2026 Table S4D (Lin's calls)
FU_iCCA	183		andersen2012	Cluster 1	Lin 2026 Table S4D (Lin's calls)
FU_iCCA	193		andersen2012	Cluster 1	Lin 2026 Table S4D (Lin's calls)
FU_iCCA	495		andersen2012	Cluster 1	Lin 2026 Table S4D (Lin's calls)
FU_iCCA	457		andersen2012	Cluster 1	Lin 2026 Table S4D (Lin's calls)
FU_iCCA	197		andersen2012	Cluster 1	Lin 2026 Table S4D (Lin's calls)
FU_iCCA	937		andersen2012	Cluster 1	Lin 2026 Table S4D (Lin's calls)
FU_iCCA	433		andersen2012	Cluster 1	Lin 2026 Table S4D (Lin's calls)
FU_iCCA	445		andersen2012	Cluster 1	Lin 2026 Table S4D (Lin's calls)
FU_iCCA	847		andersen2012	Cluster 1	Lin 2026 Table S4D (Lin's calls)
FU_iCCA	535		andersen2012	Cluster 1	Lin 2026 Table S4D (Lin's calls)
FU_iCCA	353		andersen2012	Cluster 1	Lin 2026 Table S4D (Lin's calls)
FU_iCCA	345		andersen2012	Cluster 1	Lin 2026 Table S4D (Lin's calls)
FU_iCCA	245		andersen2012	Cluster 1	Lin 2026 Table S4D (Lin's calls)
FU_iCCA	883		andersen2012	Cluster 1	Lin 2026 Table S4D (Lin's calls)
FU_iCCA	153		andersen2012	Cluster 1	Lin 2026 Table S4D (Lin's calls)
FU_iCCA	335		andersen2012	Cluster 1	Lin 2026 Table S4D (Lin's calls)
FU_iCCA	263		andersen2012	Cluster 1	Lin 2026 Table S4D (Lin's calls)
FU_iCCA	541		andersen2012	Cluster 1	Lin 2026 Table S4D (Lin's calls)
FU_iCCA	317		andersen2012	Cluster 1	Lin 2026 Table S4D (Lin's calls)
FU_iCCA	925		andersen2012	Cluster 1	Lin 2026 Table S4D (Lin's calls)
FU_iCCA	215		andersen2012	Cluster 1	Lin 2026 Table S4D (Lin's calls)
FU_iCCA	993		andersen2012	Cluster 1	Lin 2026 Table S4D (Lin's calls)
FU_iCCA	545		andersen2012	Cluster 1	Lin 2026 Table S4D (Lin's calls)
FU_iCCA	615		andersen2012	Cluster 1	Lin 2026 Table S4D (Lin's calls)
FU_iCCA	877		andersen2012	Cluster 1	Lin 2026 Table S4D (Lin's calls)
FU_iCCA	161		andersen2012	Cluster 1	Lin 2026 Table S4D (Lin's calls)
FU_iCCA	143		andersen2012	Cluster 1	Lin 2026 Table S4D (Lin's calls)
FU_iCCA	137		andersen2012	Cluster 1	Lin 2026 Table S4D (Lin's calls)
FU_iCCA	941		andersen2012	Cluster 1	Lin 2026 Table S4D (Lin's calls)
FU_iCCA	187		andersen2012	Cluster 1	Lin 2026 Table S4D (Lin's calls)
FU_iCCA	813		andersen2012	Cluster 1	Lin 2026 Table S4D (Lin's calls)
FU_iCCA	487		andersen2012	Cluster 1	Lin 2026 Table S4D (Lin's calls)
FU_iCCA	177		andersen2012	Cluster 1	Lin 2026 Table S4D (Lin's calls)
FU_iCCA	617		andersen2012	Cluster 1	Lin 2026 Table S4D (Lin's calls)
FU_iCCA	563		andersen2012	Cluster 1	Lin 2026 Table S4D (Lin's calls)
FU_iCCA	623		andersen2012	Cluster 1	Lin 2026 Table S4D (Lin's calls)
FU_iCCA	845		andersen2012	Cluster 1	Lin 2026 Table S4D (Lin's calls)
FU_iCCA	613		andersen2012	Cluster 1	Lin 2026 Table S4D (Lin's calls)
FU_iCCA	473		andersen2012	Cluster 1	Lin 2026 Table S4D (Lin's calls)
FU_iCCA	975		andersen2012	Cluster 1	Lin 2026 Table S4D (Lin's calls)
FU_iCCA	493		andersen2012	Cluster 1	Lin 2026 Table S4D (Lin's calls)
FU_iCCA	921		andersen2012	Cluster 1	Lin 2026 Table S4D (Lin's calls)
FU_iCCA	551		andersen2012	Cluster 1	Lin 2026 Table S4D (Lin's calls)
FU_iCCA	675		andersen2012	Cluster 1	Lin 2026 Table S4D (Lin's calls)
FU_iCCA	237		andersen2012	Cluster 1	Lin 2026 Table S4D (Lin's calls)
FU_iCCA	411		andersen2012	Cluster 1	Lin 2026 Table S4D (Lin's calls)
FU_iCCA	415		andersen2012	Cluster 1	Lin 2026 Table S4D (Lin's calls)
FU_iCCA	577		andersen2012	Cluster 1	Lin 2026 Table S4D (Lin's calls)
FU_iCCA	361		andersen2012	Cluster 1	Lin 2026 Table S4D (Lin's calls)
FU_iCCA	661		andersen2012	Cluster 1	Lin 2026 Table S4D (Lin's calls)
FU_iCCA	673		andersen2012	Cluster 1	Lin 2026 Table S4D (Lin's calls)
FU_iCCA	947		andersen2012	Cluster 1	Lin 2026 Table S4D (Lin's calls)
FU_iCCA	957		andersen2012	Cluster 1	Lin 2026 Table S4D (Lin's calls)
FU_iCCA	355		andersen2012	Cluster 1	Lin 2026 Table S4D (Lin's calls)
FU_iCCA	591		andersen2012	Cluster 1	Lin 2026 Table S4D (Lin's calls)
FU_iCCA	123		andersen2012	Cluster 1	Lin 2026 Table S4D (Lin's calls)
FU_iCCA	327		andersen2012	Cluster 1	Lin 2026 Table S4D (Lin's calls)
FU_iCCA	117		andersen2012	Cluster 1	Lin 2026 Table S4D (Lin's calls)
FU_iCCA	285		andersen2012	Cluster 1	Lin 2026 Table S4D (Lin's calls)
FU_iCCA	621		andersen2012	Cluster 1	Lin 2026 Table S4D (Lin's calls)
FU_iCCA	467		andersen2012	Cluster 1	Lin 2026 Table S4D (Lin's calls)
FU_iCCA	531		andersen2012	Cluster 1	Lin 2026 Table S4D (Lin's calls)
FU_iCCA	995		andersen2012	Cluster 1	Lin 2026 Table S4D (Lin's calls)
FU_iCCA	443		andersen2012	Cluster 1	Lin 2026 Table S4D (Lin's calls)
FU_iCCA	313		andersen2012	Cluster 1	Lin 2026 Table S4D (Lin's calls)
FU_iCCA	367		andersen2012	Cluster 1	Lin 2026 Table S4D (Lin's calls)
FU_iCCA	693		andersen2012	Cluster 1	Lin 2026 Table S4D (Lin's calls)
FU_iCCA	667		andersen2012	Cluster 1	Lin 2026 Table S4D (Lin's calls)
FU_iCCA	611		andersen2012	Cluster 1	Lin 2026 Table S4D (Lin's calls)
FU_iCCA	171		andersen2012	Cluster 1	Lin 2026 Table S4D (Lin's calls)
FU_iCCA	855		andersen2012	Cluster 1	Lin 2026 Table S4D (Lin's calls)
FU_iCCA	571		andersen2012	Cluster 1	Lin 2026 Table S4D (Lin's calls)
FU_iCCA	643		andersen2012	Cluster 1	Lin 2026 Table S4D (Lin's calls)
FU_iCCA	347		andersen2012	Cluster 1	Lin 2026 Table S4D (Lin's calls)
FU_iCCA	483		oishi2012	HpSC	Lin 2026 Table S4D (Lin's calls)
FU_iCCA	391		oishi2012	MH	Lin 2026 Table S4D (Lin's calls)
FU_iCCA	383		oishi2012	MH	Lin 2026 Table S4D (Lin's calls)
FU_iCCA	441		oishi2012	MH	Lin 2026 Table S4D (Lin's calls)
FU_iCCA	953		oishi2012	MH	Lin 2026 Table S4D (Lin's calls)
FU_iCCA	385		oishi2012	MH	Lin 2026 Table S4D (Lin's calls)
FU_iCCA	853		oishi2012	MH	Lin 2026 Table S4D (Lin's calls)
FU_iCCA	225		oishi2012	MH	Lin 2026 Table S4D (Lin's calls)
FU_iCCA	125		oishi2012	MH	Lin 2026 Table S4D (Lin's calls)
FU_iCCA	537		oishi2012	MH	Lin 2026 Table S4D (Lin's calls)
FU_iCCA	275		oishi2012	MH	Lin 2026 Table S4D (Lin's calls)
FU_iCCA	945		oishi2012	MH	Lin 2026 Table S4D (Lin's calls)
FU_iCCA	453		oishi2012	MH	Lin 2026 Table S4D (Lin's calls)
FU_iCCA	397		oishi2012	MH	Lin 2026 Table S4D (Lin's calls)
FU_iCCA	167		oishi2012	MH	Lin 2026 Table S4D (Lin's calls)
FU_iCCA	587		oishi2012	MH	Lin 2026 Table S4D (Lin's calls)
FU_iCCA	351		oishi2012	MH	Lin 2026 Table S4D (Lin's calls)
FU_iCCA	461		oishi2012	MH	Lin 2026 Table S4D (Lin's calls)
FU_iCCA	465		oishi2012	MH	Lin 2026 Table S4D (Lin's calls)
FU_iCCA	243		oishi2012	MH	Lin 2026 Table S4D (Lin's calls)
FU_iCCA	381		oishi2012	MH	Lin 2026 Table S4D (Lin's calls)
FU_iCCA	357		oishi2012	MH	Lin 2026 Table S4D (Lin's calls)
FU_iCCA	235		oishi2012	MH	Lin 2026 Table S4D (Lin's calls)
FU_iCCA	851		oishi2012	MH	Lin 2026 Table S4D (Lin's calls)
FU_iCCA	583		oishi2012	MH	Lin 2026 Table S4D (Lin's calls)
FU_iCCA	341		oishi2012	MH	Lin 2026 Table S4D (Lin's calls)
FU_iCCA	325		oishi2012	MH	Lin 2026 Table S4D (Lin's calls)
FU_iCCA	653		oishi2012	MH	Lin 2026 Table S4D (Lin's calls)
FU_iCCA	647		oishi2012	MH	Lin 2026 Table S4D (Lin's calls)
FU_iCCA	633		oishi2012	MH	Lin 2026 Table S4D (Lin's calls)
FU_iCCA	437		oishi2012	MH	Lin 2026 Table S4D (Lin's calls)
FU_iCCA	217		oishi2012	MH	Lin 2026 Table S4D (Lin's calls)
FU_iCCA	147		oishi2012	MH	Lin 2026 Table S4D (Lin's calls)
FU_iCCA	261		oishi2012	MH	Lin 2026 Table S4D (Lin's calls)
FU_iCCA	387		oishi2012	MH	Lin 2026 Table S4D (Lin's calls)
FU_iCCA	281		oishi2012	MH	Lin 2026 Table S4D (Lin's calls)
FU_iCCA	685		oishi2012	MH	Lin 2026 Table S4D (Lin's calls)
FU_iCCA	961		oishi2012	MH	Lin 2026 Table S4D (Lin's calls)
FU_iCCA	871		oishi2012	MH	Lin 2026 Table S4D (Lin's calls)
FU_iCCA	371		oishi2012	MH	Lin 2026 Table S4D (Lin's calls)
FU_iCCA	827		oishi2012	MH	Lin 2026 Table S4D (Lin's calls)
FU_iCCA	365		oishi2012	MH	Lin 2026 Table S4D (Lin's calls)
FU_iCCA	337		oishi2012	MH	Lin 2026 Table S4D (Lin's calls)
FU_iCCA	141		oishi2012	MH	Lin 2026 Table S4D (Lin's calls)
FU_iCCA	841		oishi2012	MH	Lin 2026 Table S4D (Lin's calls)
FU_iCCA	435		oishi2012	MH	Lin 2026 Table S4D (Lin's calls)
FU_iCCA	833		oishi2012	MH	Lin 2026 Table S4D (Lin's calls)
FU_iCCA	823		oishi2012	MH	Lin 2026 Table S4D (Lin's calls)
FU_iCCA	431		oishi2012	MH	Lin 2026 Table S4D (Lin's calls)
FU_iCCA	195		oishi2012	MH	Lin 2026 Table S4D (Lin's calls)
FU_iCCA	867		oishi2012	MH	Lin 2026 Table S4D (Lin's calls)
FU_iCCA	645		oishi2012	MH	Lin 2026 Table S4D (Lin's calls)
FU_iCCA	881		oishi2012	MH	Lin 2026 Table S4D (Lin's calls)
FU_iCCA	127		oishi2012	MH	Lin 2026 Table S4D (Lin's calls)
FU_iCCA	915		oishi2012	MH	Lin 2026 Table S4D (Lin's calls)
FU_iCCA	491		oishi2012	MH	Lin 2026 Table S4D (Lin's calls)
FU_iCCA	131		oishi2012	MH	Lin 2026 Table S4D (Lin's calls)
FU_iCCA	525		oishi2012	MH	Lin 2026 Table S4D (Lin's calls)
FU_iCCA	373		oishi2012	MH	Lin 2026 Table S4D (Lin's calls)
FU_iCCA	555		oishi2012	MH	Lin 2026 Table S4D (Lin's calls)
FU_iCCA	181		oishi2012	MH	Lin 2026 Table S4D (Lin's calls)
FU_iCCA	863		oishi2012	MH	Lin 2026 Table S4D (Lin's calls)
FU_iCCA	221		oishi2012	MH	Lin 2026 Table S4D (Lin's calls)
FU_iCCA	965		oishi2012	MH	Lin 2026 Table S4D (Lin's calls)
FU_iCCA	973		oishi2012	MH	Lin 2026 Table S4D (Lin's calls)
FU_iCCA	427		oishi2012	MH	Lin 2026 Table S4D (Lin's calls)
FU_iCCA	211		oishi2012	MH	Lin 2026 Table S4D (Lin's calls)
FU_iCCA	151		oishi2012	MH	Lin 2026 Table S4D (Lin's calls)
FU_iCCA	423		oishi2012	MH	Lin 2026 Table S4D (Lin's calls)
FU_iCCA	513		oishi2012	MH	Lin 2026 Table S4D (Lin's calls)
FU_iCCA	157		oishi2012	HpSC	Lin 2026 Table S4D (Lin's calls)
FU_iCCA	631		oishi2012	HpSC	Lin 2026 Table S4D (Lin's calls)
FU_iCCA	655		oishi2012	HpSC	Lin 2026 Table S4D (Lin's calls)
FU_iCCA	981		oishi2012	HpSC	Lin 2026 Table S4D (Lin's calls)
FU_iCCA	691		oishi2012	HpSC	Lin 2026 Table S4D (Lin's calls)
FU_iCCA	241		oishi2012	HpSC	Lin 2026 Table S4D (Lin's calls)
FU_iCCA	565		oishi2012	HpSC	Lin 2026 Table S4D (Lin's calls)
FU_iCCA	377		oishi2012	HpSC	Lin 2026 Table S4D (Lin's calls)
FU_iCCA	471		oishi2012	HpSC	Lin 2026 Table S4D (Lin's calls)
FU_iCCA	485		oishi2012	HpSC	Lin 2026 Table S4D (Lin's calls)
FU_iCCA	963		oishi2012	HpSC	Lin 2026 Table S4D (Lin's calls)
FU_iCCA	663		oishi2012	HpSC	Lin 2026 Table S4D (Lin's calls)
FU_iCCA	681		oishi2012	HpSC	Lin 2026 Table S4D (Lin's calls)
FU_iCCA	665		oishi2012	HpSC	Lin 2026 Table S4D (Lin's calls)
FU_iCCA	575		oishi2012	HpSC	Lin 2026 Table S4D (Lin's calls)
FU_iCCA	553		oishi2012	HpSC	Lin 2026 Table S4D (Lin's calls)
FU_iCCA	811		oishi2012	HpSC	Lin 2026 Table S4D (Lin's calls)
FU_iCCA	173		oishi2012	HpSC	Lin 2026 Table S4D (Lin's calls)
FU_iCCA	637		oishi2012	HpSC	Lin 2026 Table S4D (Lin's calls)
FU_iCCA	917		oishi2012	HpSC	Lin 2026 Table S4D (Lin's calls)
FU_iCCA	971		oishi2012	HpSC	Lin 2026 Table S4D (Lin's calls)
FU_iCCA	115		oishi2012	HpSC	Lin 2026 Table S4D (Lin's calls)
FU_iCCA	677		oishi2012	HpSC	Lin 2026 Table S4D (Lin's calls)
FU_iCCA	255		oishi2012	HpSC	Lin 2026 Table S4D (Lin's calls)
FU_iCCA	111		oishi2012	HpSC	Lin 2026 Table S4D (Lin's calls)
FU_iCCA	567		oishi2012	HpSC	Lin 2026 Table S4D (Lin's calls)
FU_iCCA	343		oishi2012	MH	Lin 2026 Table S4D (Lin's calls)
FU_iCCA	425		oishi2012	MH	Lin 2026 Table S4D (Lin's calls)
FU_iCCA	133		oishi2012	MH	Lin 2026 Table S4D (Lin's calls)
FU_iCCA	511		oishi2012	MH	Lin 2026 Table S4D (Lin's calls)
FU_iCCA	627		oishi2012	HpSC	Lin 2026 Table S4D (Lin's calls)
FU_iCCA	155		oishi2012	HpSC	Lin 2026 Table S4D (Lin's calls)
FU_iCCA	175		oishi2012	HpSC	Lin 2026 Table S4D (Lin's calls)
FU_iCCA	233		oishi2012	HpSC	Lin 2026 Table S4D (Lin's calls)
FU_iCCA	885		oishi2012	HpSC	Lin 2026 Table S4D (Lin's calls)
FU_iCCA	283		oishi2012	MH	Lin 2026 Table S4D (Lin's calls)
FU_iCCA	451		oishi2012	MH	Lin 2026 Table S4D (Lin's calls)
FU_iCCA	831		oishi2012	MH	Lin 2026 Table S4D (Lin's calls)
FU_iCCA	165		oishi2012	HpSC	Lin 2026 Table S4D (Lin's calls)
FU_iCCA	185		oishi2012	HpSC	Lin 2026 Table S4D (Lin's calls)
FU_iCCA	135		oishi2012	HpSC	Lin 2026 Table S4D (Lin's calls)
FU_iCCA	231		oishi2012	HpSC	Lin 2026 Table S4D (Lin's calls)
FU_iCCA	395		oishi2012	HpSC	Lin 2026 Table S4D (Lin's calls)
FU_iCCA	625		oishi2012	HpSC	Lin 2026 Table S4D (Lin's calls)
FU_iCCA	573		oishi2012	HpSC	Lin 2026 Table S4D (Lin's calls)
FU_iCCA	951		oishi2012	HpSC	Lin 2026 Table S4D (Lin's calls)
FU_iCCA	581		oishi2012	HpSC	Lin 2026 Table S4D (Lin's calls)
FU_iCCA	213		oishi2012	HpSC	Lin 2026 Table S4D (Lin's calls)
FU_iCCA	363		oishi2012	HpSC	Lin 2026 Table S4D (Lin's calls)
FU_iCCA	817		oishi2012	HpSC	Lin 2026 Table S4D (Lin's calls)
FU_iCCA	875		oishi2012	HpSC	Lin 2026 Table S4D (Lin's calls)
FU_iCCA	393		oishi2012	HpSC	Lin 2026 Table S4D (Lin's calls)
FU_iCCA	533		oishi2012	HpSC	Lin 2026 Table S4D (Lin's calls)
FU_iCCA	121		oishi2012	HpSC	Lin 2026 Table S4D (Lin's calls)
FU_iCCA	911		oishi2012	HpSC	Lin 2026 Table S4D (Lin's calls)
FU_iCCA	635		oishi2012	HpSC	Lin 2026 Table S4D (Lin's calls)
FU_iCCA	515		oishi2012	HpSC	Lin 2026 Table S4D (Lin's calls)
FU_iCCA	641		oishi2012	HpSC	Lin 2026 Table S4D (Lin's calls)
FU_iCCA	835		oishi2012	HpSC	Lin 2026 Table S4D (Lin's calls)
FU_iCCA	253		oishi2012	HpSC	Lin 2026 Table S4D (Lin's calls)
FU_iCCA	113		oishi2012	HpSC	Lin 2026 Table S4D (Lin's calls)
FU_iCCA	421		oishi2012	HpSC	Lin 2026 Table S4D (Lin's calls)
FU_iCCA	267		oishi2012	HpSC	Lin 2026 Table S4D (Lin's calls)
FU_iCCA	323		oishi2012	HpSC	Lin 2026 Table S4D (Lin's calls)
FU_iCCA	517		oishi2012	HpSC	Lin 2026 Table S4D (Lin's calls)
FU_iCCA	983		oishi2012	HpSC	Lin 2026 Table S4D (Lin's calls)
FU_iCCA	543		oishi2012	HpSC	Lin 2026 Table S4D (Lin's calls)
FU_iCCA	657		oishi2012	HpSC	Lin 2026 Table S4D (Lin's calls)
FU_iCCA	521		oishi2012	HpSC	Lin 2026 Table S4D (Lin's calls)
FU_iCCA	987		oishi2012	HpSC	Lin 2026 Table S4D (Lin's calls)
FU_iCCA	585		oishi2012	HpSC	Lin 2026 Table S4D (Lin's calls)
FU_iCCA	523		oishi2012	HpSC	Lin 2026 Table S4D (Lin's calls)
FU_iCCA	861		oishi2012	HpSC	Lin 2026 Table S4D (Lin's calls)
FU_iCCA	557		oishi2012	HpSC	Lin 2026 Table S4D (Lin's calls)
FU_iCCA	223		oishi2012	HpSC	Lin 2026 Table S4D (Lin's calls)
FU_iCCA	497		oishi2012	HpSC	Lin 2026 Table S4D (Lin's calls)
FU_iCCA	271		oishi2012	HpSC	Lin 2026 Table S4D (Lin's calls)
FU_iCCA	447		oishi2012	HpSC	Lin 2026 Table S4D (Lin's calls)
FU_iCCA	463		oishi2012	HpSC	Lin 2026 Table S4D (Lin's calls)
FU_iCCA	417		oishi2012	HpSC	Lin 2026 Table S4D (Lin's calls)
FU_iCCA	277		oishi2012	HpSC	Lin 2026 Table S4D (Lin's calls)
FU_iCCA	375		oishi2012	HpSC	Lin 2026 Table S4D (Lin's calls)
FU_iCCA	977		oishi2012	HpSC	Lin 2026 Table S4D (Lin's calls)
FU_iCCA	865		oishi2012	HpSC	Lin 2026 Table S4D (Lin's calls)
FU_iCCA	561		oishi2012	HpSC	Lin 2026 Table S4D (Lin's calls)
FU_iCCA	247		oishi2012	HpSC	Lin 2026 Table S4D (Lin's calls)
FU_iCCA	825		oishi2012	HpSC	Lin 2026 Table S4D (Lin's calls)
FU_iCCA	687		oishi2012	HpSC	Lin 2026 Table S4D (Lin's calls)
FU_iCCA	475		oishi2012	HpSC	Lin 2026 Table S4D (Lin's calls)
FU_iCCA	311		oishi2012	HpSC	Lin 2026 Table S4D (Lin's calls)
FU_iCCA	331		oishi2012	HpSC	Lin 2026 Table S4D (Lin's calls)
FU_iCCA	163		oishi2012	HpSC	Lin 2026 Table S4D (Lin's calls)
FU_iCCA	251		oishi2012	HpSC	Lin 2026 Table S4D (Lin's calls)
FU_iCCA	477		oishi2012	MH	Lin 2026 Table S4D (Lin's calls)
FU_iCCA	547		oishi2012	HpSC	Lin 2026 Table S4D (Lin's calls)
FU_iCCA	931		oishi2012	HpSC	Lin 2026 Table S4D (Lin's calls)
FU_iCCA	843		oishi2012	HpSC	Lin 2026 Table S4D (Lin's calls)
FU_iCCA	683		oishi2012	HpSC	Lin 2026 Table S4D (Lin's calls)
FU_iCCA	651		oishi2012	HpSC	Lin 2026 Table S4D (Lin's calls)
FU_iCCA	455		oishi2012	HpSC	Lin 2026 Table S4D (Lin's calls)
FU_iCCA	857		oishi2012	HpSC	Lin 2026 Table S4D (Lin's calls)
FU_iCCA	413		oishi2012	HpSC	Lin 2026 Table S4D (Lin's calls)
FU_iCCA	257		oishi2012	HpSC	Lin 2026 Table S4D (Lin's calls)
FU_iCCA	145		oishi2012	HpSC	Lin 2026 Table S4D (Lin's calls)
FU_iCCA	273		oishi2012	HpSC	Lin 2026 Table S4D (Lin's calls)
FU_iCCA	191		oishi2012	HpSC	Lin 2026 Table S4D (Lin's calls)
FU_iCCA	821		oishi2012	HpSC	Lin 2026 Table S4D (Lin's calls)
FU_iCCA	927		oishi2012	HpSC	Lin 2026 Table S4D (Lin's calls)
FU_iCCA	923		oishi2012	HpSC	Lin 2026 Table S4D (Lin's calls)
FU_iCCA	913		oishi2012	HpSC	Lin 2026 Table S4D (Lin's calls)
FU_iCCA	265		oishi2012	HpSC	Lin 2026 Table S4D (Lin's calls)
FU_iCCA	183		oishi2012	HpSC	Lin 2026 Table S4D (Lin's calls)
FU_iCCA	193		oishi2012	HpSC	Lin 2026 Table S4D (Lin's calls)
FU_iCCA	495		oishi2012	HpSC	Lin 2026 Table S4D (Lin's calls)
FU_iCCA	457		oishi2012	HpSC	Lin 2026 Table S4D (Lin's calls)
FU_iCCA	197		oishi2012	HpSC	Lin 2026 Table S4D (Lin's calls)
FU_iCCA	937		oishi2012	HpSC	Lin 2026 Table S4D (Lin's calls)
FU_iCCA	433		oishi2012	HpSC	Lin 2026 Table S4D (Lin's calls)
FU_iCCA	445		oishi2012	HpSC	Lin 2026 Table S4D (Lin's calls)
FU_iCCA	847		oishi2012	HpSC	Lin 2026 Table S4D (Lin's calls)
FU_iCCA	535		oishi2012	HpSC	Lin 2026 Table S4D (Lin's calls)
FU_iCCA	353		oishi2012	HpSC	Lin 2026 Table S4D (Lin's calls)
FU_iCCA	345		oishi2012	HpSC	Lin 2026 Table S4D (Lin's calls)
FU_iCCA	245		oishi2012	HpSC	Lin 2026 Table S4D (Lin's calls)
FU_iCCA	883		oishi2012	HpSC	Lin 2026 Table S4D (Lin's calls)
FU_iCCA	153		oishi2012	HpSC	Lin 2026 Table S4D (Lin's calls)
FU_iCCA	335		oishi2012	HpSC	Lin 2026 Table S4D (Lin's calls)
FU_iCCA	263		oishi2012	HpSC	Lin 2026 Table S4D (Lin's calls)
FU_iCCA	541		oishi2012	HpSC	Lin 2026 Table S4D (Lin's calls)
FU_iCCA	317		oishi2012	HpSC	Lin 2026 Table S4D (Lin's calls)
FU_iCCA	925		oishi2012	HpSC	Lin 2026 Table S4D (Lin's calls)
FU_iCCA	215		oishi2012	HpSC	Lin 2026 Table S4D (Lin's calls)
FU_iCCA	993		oishi2012	HpSC	Lin 2026 Table S4D (Lin's calls)
FU_iCCA	545		oishi2012	HpSC	Lin 2026 Table S4D (Lin's calls)
FU_iCCA	615		oishi2012	HpSC	Lin 2026 Table S4D (Lin's calls)
FU_iCCA	877		oishi2012	HpSC	Lin 2026 Table S4D (Lin's calls)
FU_iCCA	161		oishi2012	HpSC	Lin 2026 Table S4D (Lin's calls)
FU_iCCA	143		oishi2012	HpSC	Lin 2026 Table S4D (Lin's calls)
FU_iCCA	137		oishi2012	HpSC	Lin 2026 Table S4D (Lin's calls)
FU_iCCA	941		oishi2012	HpSC	Lin 2026 Table S4D (Lin's calls)
FU_iCCA	187		oishi2012	HpSC	Lin 2026 Table S4D (Lin's calls)
FU_iCCA	813		oishi2012	HpSC	Lin 2026 Table S4D (Lin's calls)
FU_iCCA	487		oishi2012	HpSC	Lin 2026 Table S4D (Lin's calls)
FU_iCCA	177		oishi2012	HpSC	Lin 2026 Table S4D (Lin's calls)
FU_iCCA	617		oishi2012	HpSC	Lin 2026 Table S4D (Lin's calls)
FU_iCCA	563		oishi2012	HpSC	Lin 2026 Table S4D (Lin's calls)
FU_iCCA	623		oishi2012	HpSC	Lin 2026 Table S4D (Lin's calls)
FU_iCCA	845		oishi2012	HpSC	Lin 2026 Table S4D (Lin's calls)
FU_iCCA	613		oishi2012	HpSC	Lin 2026 Table S4D (Lin's calls)
FU_iCCA	473		oishi2012	HpSC	Lin 2026 Table S4D (Lin's calls)
FU_iCCA	975		oishi2012	HpSC	Lin 2026 Table S4D (Lin's calls)
FU_iCCA	493		oishi2012	HpSC	Lin 2026 Table S4D (Lin's calls)
FU_iCCA	921		oishi2012	HpSC	Lin 2026 Table S4D (Lin's calls)
FU_iCCA	551		oishi2012	HpSC	Lin 2026 Table S4D (Lin's calls)
FU_iCCA	675		oishi2012	HpSC	Lin 2026 Table S4D (Lin's calls)
FU_iCCA	237		oishi2012	HpSC	Lin 2026 Table S4D (Lin's calls)
FU_iCCA	411		oishi2012	HpSC	Lin 2026 Table S4D (Lin's calls)
FU_iCCA	415		oishi2012	HpSC	Lin 2026 Table S4D (Lin's calls)
FU_iCCA	577		oishi2012	HpSC	Lin 2026 Table S4D (Lin's calls)
FU_iCCA	361		oishi2012	HpSC	Lin 2026 Table S4D (Lin's calls)
FU_iCCA	661		oishi2012	HpSC	Lin 2026 Table S4D (Lin's calls)
FU_iCCA	673		oishi2012	HpSC	Lin 2026 Table S4D (Lin's calls)
FU_iCCA	947		oishi2012	HpSC	Lin 2026 Table S4D (Lin's calls)
FU_iCCA	957		oishi2012	HpSC	Lin 2026 Table S4D (Lin's calls)
FU_iCCA	355		oishi2012	HpSC	Lin 2026 Table S4D (Lin's calls)
FU_iCCA	591		oishi2012	HpSC	Lin 2026 Table S4D (Lin's calls)
FU_iCCA	123		oishi2012	HpSC	Lin 2026 Table S4D (Lin's calls)
FU_iCCA	327		oishi2012	HpSC	Lin 2026 Table S4D (Lin's calls)
FU_iCCA	117		oishi2012	HpSC	Lin 2026 Table S4D (Lin's calls)
FU_iCCA	285		oishi2012	HpSC	Lin 2026 Table S4D (Lin's calls)
FU_iCCA	621		oishi2012	HpSC	Lin 2026 Table S4D (Lin's calls)
FU_iCCA	467		oishi2012	HpSC	Lin 2026 Table S4D (Lin's calls)
FU_iCCA	531		oishi2012	HpSC	Lin 2026 Table S4D (Lin's calls)
FU_iCCA	995		oishi2012	HpSC	Lin 2026 Table S4D (Lin's calls)
FU_iCCA	443		oishi2012	HpSC	Lin 2026 Table S4D (Lin's calls)
FU_iCCA	313		oishi2012	HpSC	Lin 2026 Table S4D (Lin's calls)
FU_iCCA	367		oishi2012	HpSC	Lin 2026 Table S4D (Lin's calls)
FU_iCCA	693		oishi2012	HpSC	Lin 2026 Table S4D (Lin's calls)
FU_iCCA	667		oishi2012	HpSC	Lin 2026 Table S4D (Lin's calls)
FU_iCCA	611		oishi2012	HpSC	Lin 2026 Table S4D (Lin's calls)
FU_iCCA	171		oishi2012	HpSC	Lin 2026 Table S4D (Lin's calls)
FU_iCCA	855		oishi2012	HpSC	Lin 2026 Table S4D (Lin's calls)
FU_iCCA	571		oishi2012	HpSC	Lin 2026 Table S4D (Lin's calls)
FU_iCCA	643		oishi2012	HpSC	Lin 2026 Table S4D (Lin's calls)
FU_iCCA	347		oishi2012	HpSC	Lin 2026 Table S4D (Lin's calls)
FU_iCCA	483		sia2013	Inflammation	Lin 2026 Table S4D (Lin's calls)
FU_iCCA	391		sia2013	Proliferation	Lin 2026 Table S4D (Lin's calls)
FU_iCCA	383		sia2013	Proliferation	Lin 2026 Table S4D (Lin's calls)
FU_iCCA	441		sia2013	Proliferation	Lin 2026 Table S4D (Lin's calls)
FU_iCCA	953		sia2013	Proliferation	Lin 2026 Table S4D (Lin's calls)
FU_iCCA	385		sia2013	Proliferation	Lin 2026 Table S4D (Lin's calls)
FU_iCCA	853		sia2013	Proliferation	Lin 2026 Table S4D (Lin's calls)
FU_iCCA	225		sia2013	Proliferation	Lin 2026 Table S4D (Lin's calls)
FU_iCCA	125		sia2013	Proliferation	Lin 2026 Table S4D (Lin's calls)
FU_iCCA	537		sia2013	Proliferation	Lin 2026 Table S4D (Lin's calls)
FU_iCCA	275		sia2013	Proliferation	Lin 2026 Table S4D (Lin's calls)
FU_iCCA	945		sia2013	Proliferation	Lin 2026 Table S4D (Lin's calls)
FU_iCCA	453		sia2013	Proliferation	Lin 2026 Table S4D (Lin's calls)
FU_iCCA	397		sia2013	Proliferation	Lin 2026 Table S4D (Lin's calls)
FU_iCCA	167		sia2013	Inflammation	Lin 2026 Table S4D (Lin's calls)
FU_iCCA	587		sia2013	Inflammation	Lin 2026 Table S4D (Lin's calls)
FU_iCCA	351		sia2013	Inflammation	Lin 2026 Table S4D (Lin's calls)
FU_iCCA	461		sia2013	Inflammation	Lin 2026 Table S4D (Lin's calls)
FU_iCCA	465		sia2013	Inflammation	Lin 2026 Table S4D (Lin's calls)
FU_iCCA	243		sia2013	Inflammation	Lin 2026 Table S4D (Lin's calls)
FU_iCCA	381		sia2013	Inflammation	Lin 2026 Table S4D (Lin's calls)
FU_iCCA	357		sia2013	Inflammation	Lin 2026 Table S4D (Lin's calls)
FU_iCCA	235		sia2013	Inflammation	Lin 2026 Table S4D (Lin's calls)
FU_iCCA	851		sia2013	Inflammation	Lin 2026 Table S4D (Lin's calls)
FU_iCCA	583		sia2013	Inflammation	Lin 2026 Table S4D (Lin's calls)
FU_iCCA	341		sia2013	Inflammation	Lin 2026 Table S4D (Lin's calls)
FU_iCCA	325		sia2013	Inflammation	Lin 2026 Table S4D (Lin's calls)
FU_iCCA	653		sia2013	Inflammation	Lin 2026 Table S4D (Lin's calls)
FU_iCCA	647		sia2013	Inflammation	Lin 2026 Table S4D (Lin's calls)
FU_iCCA	633		sia2013	Inflammation	Lin 2026 Table S4D (Lin's calls)
FU_iCCA	437		sia2013	Inflammation	Lin 2026 Table S4D (Lin's calls)
FU_iCCA	217		sia2013	Inflammation	Lin 2026 Table S4D (Lin's calls)
FU_iCCA	147		sia2013	Inflammation	Lin 2026 Table S4D (Lin's calls)
FU_iCCA	261		sia2013	Inflammation	Lin 2026 Table S4D (Lin's calls)
FU_iCCA	387		sia2013	Inflammation	Lin 2026 Table S4D (Lin's calls)
FU_iCCA	281		sia2013	Inflammation	Lin 2026 Table S4D (Lin's calls)
FU_iCCA	685		sia2013	Inflammation	Lin 2026 Table S4D (Lin's calls)
FU_iCCA	961		sia2013	Inflammation	Lin 2026 Table S4D (Lin's calls)
FU_iCCA	871		sia2013	Inflammation	Lin 2026 Table S4D (Lin's calls)
FU_iCCA	371		sia2013	Inflammation	Lin 2026 Table S4D (Lin's calls)
FU_iCCA	827		sia2013	Inflammation	Lin 2026 Table S4D (Lin's calls)
FU_iCCA	365		sia2013	Inflammation	Lin 2026 Table S4D (Lin's calls)
FU_iCCA	337		sia2013	Inflammation	Lin 2026 Table S4D (Lin's calls)
FU_iCCA	141		sia2013	Inflammation	Lin 2026 Table S4D (Lin's calls)
FU_iCCA	841		sia2013	Inflammation	Lin 2026 Table S4D (Lin's calls)
FU_iCCA	435		sia2013	Inflammation	Lin 2026 Table S4D (Lin's calls)
FU_iCCA	833		sia2013	Inflammation	Lin 2026 Table S4D (Lin's calls)
FU_iCCA	823		sia2013	Inflammation	Lin 2026 Table S4D (Lin's calls)
FU_iCCA	431		sia2013	Inflammation	Lin 2026 Table S4D (Lin's calls)
FU_iCCA	195		sia2013	Inflammation	Lin 2026 Table S4D (Lin's calls)
FU_iCCA	867		sia2013	Inflammation	Lin 2026 Table S4D (Lin's calls)
FU_iCCA	645		sia2013	Inflammation	Lin 2026 Table S4D (Lin's calls)
FU_iCCA	881		sia2013	Inflammation	Lin 2026 Table S4D (Lin's calls)
FU_iCCA	127		sia2013	Inflammation	Lin 2026 Table S4D (Lin's calls)
FU_iCCA	915		sia2013	Inflammation	Lin 2026 Table S4D (Lin's calls)
FU_iCCA	491		sia2013	Inflammation	Lin 2026 Table S4D (Lin's calls)
FU_iCCA	131		sia2013	Inflammation	Lin 2026 Table S4D (Lin's calls)
FU_iCCA	525		sia2013	Inflammation	Lin 2026 Table S4D (Lin's calls)
FU_iCCA	373		sia2013	Inflammation	Lin 2026 Table S4D (Lin's calls)
FU_iCCA	555		sia2013	Inflammation	Lin 2026 Table S4D (Lin's calls)
FU_iCCA	181		sia2013	Inflammation	Lin 2026 Table S4D (Lin's calls)
FU_iCCA	863		sia2013	Inflammation	Lin 2026 Table S4D (Lin's calls)
FU_iCCA	221		sia2013	Inflammation	Lin 2026 Table S4D (Lin's calls)
FU_iCCA	965		sia2013	Inflammation	Lin 2026 Table S4D (Lin's calls)
FU_iCCA	973		sia2013	Inflammation	Lin 2026 Table S4D (Lin's calls)
FU_iCCA	427		sia2013	Inflammation	Lin 2026 Table S4D (Lin's calls)
FU_iCCA	211		sia2013	Inflammation	Lin 2026 Table S4D (Lin's calls)
FU_iCCA	151		sia2013	Inflammation	Lin 2026 Table S4D (Lin's calls)
FU_iCCA	423		sia2013	Inflammation	Lin 2026 Table S4D (Lin's calls)
FU_iCCA	513		sia2013	Inflammation	Lin 2026 Table S4D (Lin's calls)
FU_iCCA	157		sia2013	Proliferation	Lin 2026 Table S4D (Lin's calls)
FU_iCCA	631		sia2013	Proliferation	Lin 2026 Table S4D (Lin's calls)
FU_iCCA	655		sia2013	Proliferation	Lin 2026 Table S4D (Lin's calls)
FU_iCCA	981		sia2013	Proliferation	Lin 2026 Table S4D (Lin's calls)
FU_iCCA	691		sia2013	Proliferation	Lin 2026 Table S4D (Lin's calls)
FU_iCCA	241		sia2013	Proliferation	Lin 2026 Table S4D (Lin's calls)
FU_iCCA	565		sia2013	Proliferation	Lin 2026 Table S4D (Lin's calls)
FU_iCCA	377		sia2013	Proliferation	Lin 2026 Table S4D (Lin's calls)
FU_iCCA	471		sia2013	Proliferation	Lin 2026 Table S4D (Lin's calls)
FU_iCCA	485		sia2013	Proliferation	Lin 2026 Table S4D (Lin's calls)
FU_iCCA	963		sia2013	Proliferation	Lin 2026 Table S4D (Lin's calls)
FU_iCCA	663		sia2013	Proliferation	Lin 2026 Table S4D (Lin's calls)
FU_iCCA	681		sia2013	Proliferation	Lin 2026 Table S4D (Lin's calls)
FU_iCCA	665		sia2013	Proliferation	Lin 2026 Table S4D (Lin's calls)
FU_iCCA	575		sia2013	Proliferation	Lin 2026 Table S4D (Lin's calls)
FU_iCCA	553		sia2013	Proliferation	Lin 2026 Table S4D (Lin's calls)
FU_iCCA	811		sia2013	Proliferation	Lin 2026 Table S4D (Lin's calls)
FU_iCCA	173		sia2013	Proliferation	Lin 2026 Table S4D (Lin's calls)
FU_iCCA	637		sia2013	Proliferation	Lin 2026 Table S4D (Lin's calls)
FU_iCCA	917		sia2013	Proliferation	Lin 2026 Table S4D (Lin's calls)
FU_iCCA	971		sia2013	Proliferation	Lin 2026 Table S4D (Lin's calls)
FU_iCCA	115		sia2013	Proliferation	Lin 2026 Table S4D (Lin's calls)
FU_iCCA	677		sia2013	Proliferation	Lin 2026 Table S4D (Lin's calls)
FU_iCCA	255		sia2013	Proliferation	Lin 2026 Table S4D (Lin's calls)
FU_iCCA	111		sia2013	Inflammation	Lin 2026 Table S4D (Lin's calls)
FU_iCCA	567		sia2013	Inflammation	Lin 2026 Table S4D (Lin's calls)
FU_iCCA	343		sia2013	Proliferation	Lin 2026 Table S4D (Lin's calls)
FU_iCCA	425		sia2013	Proliferation	Lin 2026 Table S4D (Lin's calls)
FU_iCCA	133		sia2013	Inflammation	Lin 2026 Table S4D (Lin's calls)
FU_iCCA	511		sia2013	Inflammation	Lin 2026 Table S4D (Lin's calls)
FU_iCCA	627		sia2013	Proliferation	Lin 2026 Table S4D (Lin's calls)
FU_iCCA	155		sia2013	Proliferation	Lin 2026 Table S4D (Lin's calls)
FU_iCCA	175		sia2013	Proliferation	Lin 2026 Table S4D (Lin's calls)
FU_iCCA	233		sia2013	Proliferation	Lin 2026 Table S4D (Lin's calls)
FU_iCCA	885		sia2013	Inflammation	Lin 2026 Table S4D (Lin's calls)
FU_iCCA	283		sia2013	Proliferation	Lin 2026 Table S4D (Lin's calls)
FU_iCCA	451		sia2013	Inflammation	Lin 2026 Table S4D (Lin's calls)
FU_iCCA	831		sia2013	Inflammation	Lin 2026 Table S4D (Lin's calls)
FU_iCCA	165		sia2013	Proliferation	Lin 2026 Table S4D (Lin's calls)
FU_iCCA	185		sia2013	Proliferation	Lin 2026 Table S4D (Lin's calls)
FU_iCCA	135		sia2013	Proliferation	Lin 2026 Table S4D (Lin's calls)
FU_iCCA	231		sia2013	Proliferation	Lin 2026 Table S4D (Lin's calls)
FU_iCCA	395		sia2013	Proliferation	Lin 2026 Table S4D (Lin's calls)
FU_iCCA	625		sia2013	Proliferation	Lin 2026 Table S4D (Lin's calls)
FU_iCCA	573		sia2013	Proliferation	Lin 2026 Table S4D (Lin's calls)
FU_iCCA	951		sia2013	Proliferation	Lin 2026 Table S4D (Lin's calls)
FU_iCCA	581		sia2013	Proliferation	Lin 2026 Table S4D (Lin's calls)
FU_iCCA	213		sia2013	Proliferation	Lin 2026 Table S4D (Lin's calls)
FU_iCCA	363		sia2013	Proliferation	Lin 2026 Table S4D (Lin's calls)
FU_iCCA	817		sia2013	Proliferation	Lin 2026 Table S4D (Lin's calls)
FU_iCCA	875		sia2013	Proliferation	Lin 2026 Table S4D (Lin's calls)
FU_iCCA	393		sia2013	Proliferation	Lin 2026 Table S4D (Lin's calls)
FU_iCCA	533		sia2013	Proliferation	Lin 2026 Table S4D (Lin's calls)
FU_iCCA	121		sia2013	Proliferation	Lin 2026 Table S4D (Lin's calls)
FU_iCCA	911		sia2013	Proliferation	Lin 2026 Table S4D (Lin's calls)
FU_iCCA	635		sia2013	Proliferation	Lin 2026 Table S4D (Lin's calls)
FU_iCCA	515		sia2013	Proliferation	Lin 2026 Table S4D (Lin's calls)
FU_iCCA	641		sia2013	Proliferation	Lin 2026 Table S4D (Lin's calls)
FU_iCCA	835		sia2013	Proliferation	Lin 2026 Table S4D (Lin's calls)
FU_iCCA	253		sia2013	Proliferation	Lin 2026 Table S4D (Lin's calls)
FU_iCCA	113		sia2013	Proliferation	Lin 2026 Table S4D (Lin's calls)
FU_iCCA	421		sia2013	Proliferation	Lin 2026 Table S4D (Lin's calls)
FU_iCCA	267		sia2013	Proliferation	Lin 2026 Table S4D (Lin's calls)
FU_iCCA	323		sia2013	Proliferation	Lin 2026 Table S4D (Lin's calls)
FU_iCCA	517		sia2013	Proliferation	Lin 2026 Table S4D (Lin's calls)
FU_iCCA	983		sia2013	Proliferation	Lin 2026 Table S4D (Lin's calls)
FU_iCCA	543		sia2013	Proliferation	Lin 2026 Table S4D (Lin's calls)
FU_iCCA	657		sia2013	Proliferation	Lin 2026 Table S4D (Lin's calls)
FU_iCCA	521		sia2013	Proliferation	Lin 2026 Table S4D (Lin's calls)
FU_iCCA	987		sia2013	Proliferation	Lin 2026 Table S4D (Lin's calls)
FU_iCCA	585		sia2013	Proliferation	Lin 2026 Table S4D (Lin's calls)
FU_iCCA	523		sia2013	Proliferation	Lin 2026 Table S4D (Lin's calls)
FU_iCCA	861		sia2013	Proliferation	Lin 2026 Table S4D (Lin's calls)
FU_iCCA	557		sia2013	Proliferation	Lin 2026 Table S4D (Lin's calls)
FU_iCCA	223		sia2013	Proliferation	Lin 2026 Table S4D (Lin's calls)
FU_iCCA	497		sia2013	Proliferation	Lin 2026 Table S4D (Lin's calls)
FU_iCCA	271		sia2013	Proliferation	Lin 2026 Table S4D (Lin's calls)
FU_iCCA	447		sia2013	Proliferation	Lin 2026 Table S4D (Lin's calls)
FU_iCCA	463		sia2013	Proliferation	Lin 2026 Table S4D (Lin's calls)
FU_iCCA	417		sia2013	Proliferation	Lin 2026 Table S4D (Lin's calls)
FU_iCCA	277		sia2013	Inflammation	Lin 2026 Table S4D (Lin's calls)
FU_iCCA	375		sia2013	Inflammation	Lin 2026 Table S4D (Lin's calls)
FU_iCCA	977		sia2013	Inflammation	Lin 2026 Table S4D (Lin's calls)
FU_iCCA	865		sia2013	Inflammation	Lin 2026 Table S4D (Lin's calls)
FU_iCCA	561		sia2013	Inflammation	Lin 2026 Table S4D (Lin's calls)
FU_iCCA	247		sia2013	Inflammation	Lin 2026 Table S4D (Lin's calls)
FU_iCCA	825		sia2013	Inflammation	Lin 2026 Table S4D (Lin's calls)
FU_iCCA	687		sia2013	Inflammation	Lin 2026 Table S4D (Lin's calls)
FU_iCCA	475		sia2013	Inflammation	Lin 2026 Table S4D (Lin's calls)
FU_iCCA	311		sia2013	Inflammation	Lin 2026 Table S4D (Lin's calls)
FU_iCCA	331		sia2013	Inflammation	Lin 2026 Table S4D (Lin's calls)
FU_iCCA	163		sia2013	Inflammation	Lin 2026 Table S4D (Lin's calls)
FU_iCCA	251		sia2013	Inflammation	Lin 2026 Table S4D (Lin's calls)
FU_iCCA	477		sia2013	Inflammation	Lin 2026 Table S4D (Lin's calls)
FU_iCCA	547		sia2013	Proliferation	Lin 2026 Table S4D (Lin's calls)
FU_iCCA	931		sia2013	Proliferation	Lin 2026 Table S4D (Lin's calls)
FU_iCCA	843		sia2013	Proliferation	Lin 2026 Table S4D (Lin's calls)
FU_iCCA	683		sia2013	Proliferation	Lin 2026 Table S4D (Lin's calls)
FU_iCCA	651		sia2013	Inflammation	Lin 2026 Table S4D (Lin's calls)
FU_iCCA	455		sia2013	Inflammation	Lin 2026 Table S4D (Lin's calls)
FU_iCCA	857		sia2013	Inflammation	Lin 2026 Table S4D (Lin's calls)
FU_iCCA	413		sia2013	Inflammation	Lin 2026 Table S4D (Lin's calls)
FU_iCCA	257		sia2013	Proliferation	Lin 2026 Table S4D (Lin's calls)
FU_iCCA	145		sia2013	Proliferation	Lin 2026 Table S4D (Lin's calls)
FU_iCCA	273		sia2013	Proliferation	Lin 2026 Table S4D (Lin's calls)
FU_iCCA	191		sia2013	Proliferation	Lin 2026 Table S4D (Lin's calls)
FU_iCCA	821		sia2013	Proliferation	Lin 2026 Table S4D (Lin's calls)
FU_iCCA	927		sia2013	Proliferation	Lin 2026 Table S4D (Lin's calls)
FU_iCCA	923		sia2013	Proliferation	Lin 2026 Table S4D (Lin's calls)
FU_iCCA	913		sia2013	Proliferation	Lin 2026 Table S4D (Lin's calls)
FU_iCCA	265		sia2013	Proliferation	Lin 2026 Table S4D (Lin's calls)
FU_iCCA	183		sia2013	Proliferation	Lin 2026 Table S4D (Lin's calls)
FU_iCCA	193		sia2013	Proliferation	Lin 2026 Table S4D (Lin's calls)
FU_iCCA	495		sia2013	Proliferation	Lin 2026 Table S4D (Lin's calls)
FU_iCCA	457		sia2013	Proliferation	Lin 2026 Table S4D (Lin's calls)
FU_iCCA	197		sia2013	Proliferation	Lin 2026 Table S4D (Lin's calls)
FU_iCCA	937		sia2013	Proliferation	Lin 2026 Table S4D (Lin's calls)
FU_iCCA	433		sia2013	Proliferation	Lin 2026 Table S4D (Lin's calls)
FU_iCCA	445		sia2013	Proliferation	Lin 2026 Table S4D (Lin's calls)
FU_iCCA	847		sia2013	Proliferation	Lin 2026 Table S4D (Lin's calls)
FU_iCCA	535		sia2013	Proliferation	Lin 2026 Table S4D (Lin's calls)
FU_iCCA	353		sia2013	Proliferation	Lin 2026 Table S4D (Lin's calls)
FU_iCCA	345		sia2013	Proliferation	Lin 2026 Table S4D (Lin's calls)
FU_iCCA	245		sia2013	Proliferation	Lin 2026 Table S4D (Lin's calls)
FU_iCCA	883		sia2013	Proliferation	Lin 2026 Table S4D (Lin's calls)
FU_iCCA	153		sia2013	Proliferation	Lin 2026 Table S4D (Lin's calls)
FU_iCCA	335		sia2013	Proliferation	Lin 2026 Table S4D (Lin's calls)
FU_iCCA	263		sia2013	Proliferation	Lin 2026 Table S4D (Lin's calls)
FU_iCCA	541		sia2013	Proliferation	Lin 2026 Table S4D (Lin's calls)
FU_iCCA	317		sia2013	Proliferation	Lin 2026 Table S4D (Lin's calls)
FU_iCCA	925		sia2013	Inflammation	Lin 2026 Table S4D (Lin's calls)
FU_iCCA	215		sia2013	Inflammation	Lin 2026 Table S4D (Lin's calls)
FU_iCCA	993		sia2013	Inflammation	Lin 2026 Table S4D (Lin's calls)
FU_iCCA	545		sia2013	Inflammation	Lin 2026 Table S4D (Lin's calls)
FU_iCCA	615		sia2013	Inflammation	Lin 2026 Table S4D (Lin's calls)
FU_iCCA	877		sia2013	Inflammation	Lin 2026 Table S4D (Lin's calls)
FU_iCCA	161		sia2013	Inflammation	Lin 2026 Table S4D (Lin's calls)
FU_iCCA	143		sia2013	Inflammation	Lin 2026 Table S4D (Lin's calls)
FU_iCCA	137		sia2013	Inflammation	Lin 2026 Table S4D (Lin's calls)
FU_iCCA	941		sia2013	Inflammation	Lin 2026 Table S4D (Lin's calls)
FU_iCCA	187		sia2013	Proliferation	Lin 2026 Table S4D (Lin's calls)
FU_iCCA	813		sia2013	Proliferation	Lin 2026 Table S4D (Lin's calls)
FU_iCCA	487		sia2013	Proliferation	Lin 2026 Table S4D (Lin's calls)
FU_iCCA	177		sia2013	Proliferation	Lin 2026 Table S4D (Lin's calls)
FU_iCCA	617		sia2013	Proliferation	Lin 2026 Table S4D (Lin's calls)
FU_iCCA	563		sia2013	Proliferation	Lin 2026 Table S4D (Lin's calls)
FU_iCCA	623		sia2013	Proliferation	Lin 2026 Table S4D (Lin's calls)
FU_iCCA	845		sia2013	Proliferation	Lin 2026 Table S4D (Lin's calls)
FU_iCCA	613		sia2013	Proliferation	Lin 2026 Table S4D (Lin's calls)
FU_iCCA	473		sia2013	Proliferation	Lin 2026 Table S4D (Lin's calls)
FU_iCCA	975		sia2013	Proliferation	Lin 2026 Table S4D (Lin's calls)
FU_iCCA	493		sia2013	Proliferation	Lin 2026 Table S4D (Lin's calls)
FU_iCCA	921		sia2013	Proliferation	Lin 2026 Table S4D (Lin's calls)
FU_iCCA	551		sia2013	Proliferation	Lin 2026 Table S4D (Lin's calls)
FU_iCCA	675		sia2013	Proliferation	Lin 2026 Table S4D (Lin's calls)
FU_iCCA	237		sia2013	Proliferation	Lin 2026 Table S4D (Lin's calls)
FU_iCCA	411		sia2013	Proliferation	Lin 2026 Table S4D (Lin's calls)
FU_iCCA	415		sia2013	Proliferation	Lin 2026 Table S4D (Lin's calls)
FU_iCCA	577		sia2013	Proliferation	Lin 2026 Table S4D (Lin's calls)
FU_iCCA	361		sia2013	Proliferation	Lin 2026 Table S4D (Lin's calls)
FU_iCCA	661		sia2013	Proliferation	Lin 2026 Table S4D (Lin's calls)
FU_iCCA	673		sia2013	Proliferation	Lin 2026 Table S4D (Lin's calls)
FU_iCCA	947		sia2013	Proliferation	Lin 2026 Table S4D (Lin's calls)
FU_iCCA	957		sia2013	Proliferation	Lin 2026 Table S4D (Lin's calls)
FU_iCCA	355		sia2013	Proliferation	Lin 2026 Table S4D (Lin's calls)
FU_iCCA	591		sia2013	Proliferation	Lin 2026 Table S4D (Lin's calls)
FU_iCCA	123		sia2013	Proliferation	Lin 2026 Table S4D (Lin's calls)
FU_iCCA	327		sia2013	Proliferation	Lin 2026 Table S4D (Lin's calls)
FU_iCCA	117		sia2013	Proliferation	Lin 2026 Table S4D (Lin's calls)
FU_iCCA	285		sia2013	Inflammation	Lin 2026 Table S4D (Lin's calls)
FU_iCCA	621		sia2013	Inflammation	Lin 2026 Table S4D (Lin's calls)
FU_iCCA	467		sia2013	Inflammation	Lin 2026 Table S4D (Lin's calls)
FU_iCCA	531		sia2013	Inflammation	Lin 2026 Table S4D (Lin's calls)
FU_iCCA	995		sia2013	Inflammation	Lin 2026 Table S4D (Lin's calls)
FU_iCCA	443		sia2013	Inflammation	Lin 2026 Table S4D (Lin's calls)
FU_iCCA	313		sia2013	Inflammation	Lin 2026 Table S4D (Lin's calls)
FU_iCCA	367		sia2013	Inflammation	Lin 2026 Table S4D (Lin's calls)
FU_iCCA	693		sia2013	Inflammation	Lin 2026 Table S4D (Lin's calls)
FU_iCCA	667		sia2013	Inflammation	Lin 2026 Table S4D (Lin's calls)
FU_iCCA	611		sia2013	Inflammation	Lin 2026 Table S4D (Lin's calls)
FU_iCCA	171		sia2013	Inflammation	Lin 2026 Table S4D (Lin's calls)
FU_iCCA	855		sia2013	Inflammation	Lin 2026 Table S4D (Lin's calls)
FU_iCCA	571		sia2013	Inflammation	Lin 2026 Table S4D (Lin's calls)
FU_iCCA	643		sia2013	Inflammation	Lin 2026 Table S4D (Lin's calls)
FU_iCCA	347		sia2013	Inflammation	Lin 2026 Table S4D (Lin's calls)
FU_iCCA	483		dong2022_rna	RNA subgroup 1	Lin 2026 Table S4D (Lin's calls)
FU_iCCA	391		dong2022_rna	RNA subgroup 1	Lin 2026 Table S4D (Lin's calls)
FU_iCCA	383		dong2022_rna	RNA subgroup 1	Lin 2026 Table S4D (Lin's calls)
FU_iCCA	441		dong2022_rna	RNA subgroup 1	Lin 2026 Table S4D (Lin's calls)
FU_iCCA	953		dong2022_rna	RNA subgroup 1	Lin 2026 Table S4D (Lin's calls)
FU_iCCA	385		dong2022_rna	RNA subgroup 1	Lin 2026 Table S4D (Lin's calls)
FU_iCCA	853		dong2022_rna	RNA subgroup 1	Lin 2026 Table S4D (Lin's calls)
FU_iCCA	225		dong2022_rna	RNA subgroup 1	Lin 2026 Table S4D (Lin's calls)
FU_iCCA	125		dong2022_rna	RNA subgroup 1	Lin 2026 Table S4D (Lin's calls)
FU_iCCA	537		dong2022_rna	RNA subgroup 1	Lin 2026 Table S4D (Lin's calls)
FU_iCCA	275		dong2022_rna	RNA subgroup 1	Lin 2026 Table S4D (Lin's calls)
FU_iCCA	945		dong2022_rna	RNA subgroup 1	Lin 2026 Table S4D (Lin's calls)
FU_iCCA	453		dong2022_rna	RNA subgroup 3	Lin 2026 Table S4D (Lin's calls)
FU_iCCA	397		dong2022_rna	RNA subgroup 3	Lin 2026 Table S4D (Lin's calls)
FU_iCCA	167		dong2022_rna	RNA subgroup 1	Lin 2026 Table S4D (Lin's calls)
FU_iCCA	587		dong2022_rna	RNA subgroup 1	Lin 2026 Table S4D (Lin's calls)
FU_iCCA	351		dong2022_rna	RNA subgroup 1	Lin 2026 Table S4D (Lin's calls)
FU_iCCA	461		dong2022_rna	RNA subgroup 1	Lin 2026 Table S4D (Lin's calls)
FU_iCCA	465		dong2022_rna	RNA subgroup 1	Lin 2026 Table S4D (Lin's calls)
FU_iCCA	243		dong2022_rna	RNA subgroup 1	Lin 2026 Table S4D (Lin's calls)
FU_iCCA	381		dong2022_rna	RNA subgroup 1	Lin 2026 Table S4D (Lin's calls)
FU_iCCA	357		dong2022_rna	RNA subgroup 1	Lin 2026 Table S4D (Lin's calls)
FU_iCCA	235		dong2022_rna	RNA subgroup 1	Lin 2026 Table S4D (Lin's calls)
FU_iCCA	851		dong2022_rna	RNA subgroup 1	Lin 2026 Table S4D (Lin's calls)
FU_iCCA	583		dong2022_rna	RNA subgroup 1	Lin 2026 Table S4D (Lin's calls)
FU_iCCA	341		dong2022_rna	RNA subgroup 1	Lin 2026 Table S4D (Lin's calls)
FU_iCCA	325		dong2022_rna	RNA subgroup 1	Lin 2026 Table S4D (Lin's calls)
FU_iCCA	653		dong2022_rna	RNA subgroup 1	Lin 2026 Table S4D (Lin's calls)
FU_iCCA	647		dong2022_rna	RNA subgroup 1	Lin 2026 Table S4D (Lin's calls)
FU_iCCA	633		dong2022_rna	RNA subgroup 1	Lin 2026 Table S4D (Lin's calls)
FU_iCCA	437		dong2022_rna	RNA subgroup 1	Lin 2026 Table S4D (Lin's calls)
FU_iCCA	217		dong2022_rna	RNA subgroup 1	Lin 2026 Table S4D (Lin's calls)
FU_iCCA	147		dong2022_rna	RNA subgroup 1	Lin 2026 Table S4D (Lin's calls)
FU_iCCA	261		dong2022_rna	RNA subgroup 1	Lin 2026 Table S4D (Lin's calls)
FU_iCCA	387		dong2022_rna	RNA subgroup 1	Lin 2026 Table S4D (Lin's calls)
FU_iCCA	281		dong2022_rna	RNA subgroup 1	Lin 2026 Table S4D (Lin's calls)
FU_iCCA	685		dong2022_rna	RNA subgroup 1	Lin 2026 Table S4D (Lin's calls)
FU_iCCA	961		dong2022_rna	RNA subgroup 1	Lin 2026 Table S4D (Lin's calls)
FU_iCCA	871		dong2022_rna	RNA subgroup 1	Lin 2026 Table S4D (Lin's calls)
FU_iCCA	371		dong2022_rna	RNA subgroup 1	Lin 2026 Table S4D (Lin's calls)
FU_iCCA	827		dong2022_rna	RNA subgroup 1	Lin 2026 Table S4D (Lin's calls)
FU_iCCA	365		dong2022_rna	RNA subgroup 1	Lin 2026 Table S4D (Lin's calls)
FU_iCCA	337		dong2022_rna	RNA subgroup 1	Lin 2026 Table S4D (Lin's calls)
FU_iCCA	141		dong2022_rna	RNA subgroup 1	Lin 2026 Table S4D (Lin's calls)
FU_iCCA	841		dong2022_rna	RNA subgroup 1	Lin 2026 Table S4D (Lin's calls)
FU_iCCA	435		dong2022_rna	RNA subgroup 1	Lin 2026 Table S4D (Lin's calls)
FU_iCCA	833		dong2022_rna	RNA subgroup 1	Lin 2026 Table S4D (Lin's calls)
FU_iCCA	823		dong2022_rna	RNA subgroup 1	Lin 2026 Table S4D (Lin's calls)
FU_iCCA	431		dong2022_rna	RNA subgroup 1	Lin 2026 Table S4D (Lin's calls)
FU_iCCA	195		dong2022_rna	RNA subgroup 1	Lin 2026 Table S4D (Lin's calls)
FU_iCCA	867		dong2022_rna	RNA subgroup 1	Lin 2026 Table S4D (Lin's calls)
FU_iCCA	645		dong2022_rna	RNA subgroup 1	Lin 2026 Table S4D (Lin's calls)
FU_iCCA	881		dong2022_rna	RNA subgroup 1	Lin 2026 Table S4D (Lin's calls)
FU_iCCA	127		dong2022_rna	RNA subgroup 1	Lin 2026 Table S4D (Lin's calls)
FU_iCCA	915		dong2022_rna	RNA subgroup 1	Lin 2026 Table S4D (Lin's calls)
FU_iCCA	491		dong2022_rna	RNA subgroup 1	Lin 2026 Table S4D (Lin's calls)
FU_iCCA	131		dong2022_rna	RNA subgroup 1	Lin 2026 Table S4D (Lin's calls)
FU_iCCA	525		dong2022_rna	RNA subgroup 1	Lin 2026 Table S4D (Lin's calls)
FU_iCCA	373		dong2022_rna	RNA subgroup 1	Lin 2026 Table S4D (Lin's calls)
FU_iCCA	555		dong2022_rna	RNA subgroup 1	Lin 2026 Table S4D (Lin's calls)
FU_iCCA	181		dong2022_rna	RNA subgroup 3	Lin 2026 Table S4D (Lin's calls)
FU_iCCA	863		dong2022_rna	RNA subgroup 3	Lin 2026 Table S4D (Lin's calls)
FU_iCCA	221		dong2022_rna	RNA subgroup 3	Lin 2026 Table S4D (Lin's calls)
FU_iCCA	965		dong2022_rna	RNA subgroup 3	Lin 2026 Table S4D (Lin's calls)
FU_iCCA	973		dong2022_rna	RNA subgroup 3	Lin 2026 Table S4D (Lin's calls)
FU_iCCA	427		dong2022_rna	RNA subgroup 3	Lin 2026 Table S4D (Lin's calls)
FU_iCCA	211		dong2022_rna	RNA subgroup 3	Lin 2026 Table S4D (Lin's calls)
FU_iCCA	151		dong2022_rna	RNA subgroup 3	Lin 2026 Table S4D (Lin's calls)
FU_iCCA	423		dong2022_rna	RNA subgroup 3	Lin 2026 Table S4D (Lin's calls)
FU_iCCA	513		dong2022_rna	RNA subgroup 3	Lin 2026 Table S4D (Lin's calls)
FU_iCCA	157		dong2022_rna	RNA subgroup 1	Lin 2026 Table S4D (Lin's calls)
FU_iCCA	631		dong2022_rna	RNA subgroup 2	Lin 2026 Table S4D (Lin's calls)
FU_iCCA	655		dong2022_rna	RNA subgroup 2	Lin 2026 Table S4D (Lin's calls)
FU_iCCA	981		dong2022_rna	RNA subgroup 2	Lin 2026 Table S4D (Lin's calls)
FU_iCCA	691		dong2022_rna	RNA subgroup 3	Lin 2026 Table S4D (Lin's calls)
FU_iCCA	241		dong2022_rna	RNA subgroup 3	Lin 2026 Table S4D (Lin's calls)
FU_iCCA	565		dong2022_rna	RNA subgroup 3	Lin 2026 Table S4D (Lin's calls)
FU_iCCA	377		dong2022_rna	RNA subgroup 3	Lin 2026 Table S4D (Lin's calls)
FU_iCCA	471		dong2022_rna	RNA subgroup 3	Lin 2026 Table S4D (Lin's calls)
FU_iCCA	485		dong2022_rna	RNA subgroup 3	Lin 2026 Table S4D (Lin's calls)
FU_iCCA	963		dong2022_rna	RNA subgroup 3	Lin 2026 Table S4D (Lin's calls)
FU_iCCA	663		dong2022_rna	RNA subgroup 3	Lin 2026 Table S4D (Lin's calls)
FU_iCCA	681		dong2022_rna	RNA subgroup 3	Lin 2026 Table S4D (Lin's calls)
FU_iCCA	665		dong2022_rna	RNA subgroup 3	Lin 2026 Table S4D (Lin's calls)
FU_iCCA	575		dong2022_rna	RNA subgroup 3	Lin 2026 Table S4D (Lin's calls)
FU_iCCA	553		dong2022_rna	RNA subgroup 3	Lin 2026 Table S4D (Lin's calls)
FU_iCCA	811		dong2022_rna	RNA subgroup 3	Lin 2026 Table S4D (Lin's calls)
FU_iCCA	173		dong2022_rna	RNA subgroup 3	Lin 2026 Table S4D (Lin's calls)
FU_iCCA	637		dong2022_rna	RNA subgroup 3	Lin 2026 Table S4D (Lin's calls)
FU_iCCA	917		dong2022_rna	RNA subgroup 3	Lin 2026 Table S4D (Lin's calls)
FU_iCCA	971		dong2022_rna	RNA subgroup 3	Lin 2026 Table S4D (Lin's calls)
FU_iCCA	115		dong2022_rna	RNA subgroup 3	Lin 2026 Table S4D (Lin's calls)
FU_iCCA	677		dong2022_rna	RNA subgroup 3	Lin 2026 Table S4D (Lin's calls)
FU_iCCA	255		dong2022_rna	RNA subgroup 3	Lin 2026 Table S4D (Lin's calls)
FU_iCCA	111		dong2022_rna	RNA subgroup 1	Lin 2026 Table S4D (Lin's calls)
FU_iCCA	567		dong2022_rna	RNA subgroup 2	Lin 2026 Table S4D (Lin's calls)
FU_iCCA	343		dong2022_rna	RNA subgroup 1	Lin 2026 Table S4D (Lin's calls)
FU_iCCA	425		dong2022_rna	RNA subgroup 1	Lin 2026 Table S4D (Lin's calls)
FU_iCCA	133		dong2022_rna	RNA subgroup 1	Lin 2026 Table S4D (Lin's calls)
FU_iCCA	511		dong2022_rna	RNA subgroup 1	Lin 2026 Table S4D (Lin's calls)
FU_iCCA	627		dong2022_rna	RNA subgroup 2	Lin 2026 Table S4D (Lin's calls)
FU_iCCA	155		dong2022_rna	RNA subgroup 3	Lin 2026 Table S4D (Lin's calls)
FU_iCCA	175		dong2022_rna	RNA subgroup 3	Lin 2026 Table S4D (Lin's calls)
FU_iCCA	233		dong2022_rna	RNA subgroup 3	Lin 2026 Table S4D (Lin's calls)
FU_iCCA	885		dong2022_rna	RNA subgroup 2	Lin 2026 Table S4D (Lin's calls)
FU_iCCA	283		dong2022_rna	RNA subgroup 1	Lin 2026 Table S4D (Lin's calls)
FU_iCCA	451		dong2022_rna	RNA subgroup 1	Lin 2026 Table S4D (Lin's calls)
FU_iCCA	831		dong2022_rna	RNA subgroup 1	Lin 2026 Table S4D (Lin's calls)
FU_iCCA	165		dong2022_rna	RNA subgroup 2	Lin 2026 Table S4D (Lin's calls)
FU_iCCA	185		dong2022_rna	RNA subgroup 2	Lin 2026 Table S4D (Lin's calls)
FU_iCCA	135		dong2022_rna	RNA subgroup 2	Lin 2026 Table S4D (Lin's calls)
FU_iCCA	231		dong2022_rna	RNA subgroup 2	Lin 2026 Table S4D (Lin's calls)
FU_iCCA	395		dong2022_rna	RNA subgroup 2	Lin 2026 Table S4D (Lin's calls)
FU_iCCA	625		dong2022_rna	RNA subgroup 2	Lin 2026 Table S4D (Lin's calls)
FU_iCCA	573		dong2022_rna	RNA subgroup 2	Lin 2026 Table S4D (Lin's calls)
FU_iCCA	951		dong2022_rna	RNA subgroup 2	Lin 2026 Table S4D (Lin's calls)
FU_iCCA	581		dong2022_rna	RNA subgroup 2	Lin 2026 Table S4D (Lin's calls)
FU_iCCA	213		dong2022_rna	RNA subgroup 2	Lin 2026 Table S4D (Lin's calls)
FU_iCCA	363		dong2022_rna	RNA subgroup 2	Lin 2026 Table S4D (Lin's calls)
FU_iCCA	817		dong2022_rna	RNA subgroup 2	Lin 2026 Table S4D (Lin's calls)
FU_iCCA	875		dong2022_rna	RNA subgroup 2	Lin 2026 Table S4D (Lin's calls)
FU_iCCA	393		dong2022_rna	RNA subgroup 2	Lin 2026 Table S4D (Lin's calls)
FU_iCCA	533		dong2022_rna	RNA subgroup 2	Lin 2026 Table S4D (Lin's calls)
FU_iCCA	121		dong2022_rna	RNA subgroup 2	Lin 2026 Table S4D (Lin's calls)
FU_iCCA	911		dong2022_rna	RNA subgroup 2	Lin 2026 Table S4D (Lin's calls)
FU_iCCA	635		dong2022_rna	RNA subgroup 2	Lin 2026 Table S4D (Lin's calls)
FU_iCCA	515		dong2022_rna	RNA subgroup 2	Lin 2026 Table S4D (Lin's calls)
FU_iCCA	641		dong2022_rna	RNA subgroup 2	Lin 2026 Table S4D (Lin's calls)
FU_iCCA	835		dong2022_rna	RNA subgroup 2	Lin 2026 Table S4D (Lin's calls)
FU_iCCA	253		dong2022_rna	RNA subgroup 2	Lin 2026 Table S4D (Lin's calls)
FU_iCCA	113		dong2022_rna	RNA subgroup 2	Lin 2026 Table S4D (Lin's calls)
FU_iCCA	421		dong2022_rna	RNA subgroup 2	Lin 2026 Table S4D (Lin's calls)
FU_iCCA	267		dong2022_rna	RNA subgroup 2	Lin 2026 Table S4D (Lin's calls)
FU_iCCA	323		dong2022_rna	RNA subgroup 2	Lin 2026 Table S4D (Lin's calls)
FU_iCCA	517		dong2022_rna	RNA subgroup 2	Lin 2026 Table S4D (Lin's calls)
FU_iCCA	983		dong2022_rna	RNA subgroup 2	Lin 2026 Table S4D (Lin's calls)
FU_iCCA	543		dong2022_rna	RNA subgroup 2	Lin 2026 Table S4D (Lin's calls)
FU_iCCA	657		dong2022_rna	RNA subgroup 2	Lin 2026 Table S4D (Lin's calls)
FU_iCCA	521		dong2022_rna	RNA subgroup 2	Lin 2026 Table S4D (Lin's calls)
FU_iCCA	987		dong2022_rna	RNA subgroup 3	Lin 2026 Table S4D (Lin's calls)
FU_iCCA	585		dong2022_rna	RNA subgroup 3	Lin 2026 Table S4D (Lin's calls)
FU_iCCA	523		dong2022_rna	RNA subgroup 3	Lin 2026 Table S4D (Lin's calls)
FU_iCCA	861		dong2022_rna	RNA subgroup 3	Lin 2026 Table S4D (Lin's calls)
FU_iCCA	557		dong2022_rna	RNA subgroup 3	Lin 2026 Table S4D (Lin's calls)
FU_iCCA	223		dong2022_rna	RNA subgroup 3	Lin 2026 Table S4D (Lin's calls)
FU_iCCA	497		dong2022_rna	RNA subgroup 3	Lin 2026 Table S4D (Lin's calls)
FU_iCCA	271		dong2022_rna	RNA subgroup 3	Lin 2026 Table S4D (Lin's calls)
FU_iCCA	447		dong2022_rna	RNA subgroup 3	Lin 2026 Table S4D (Lin's calls)
FU_iCCA	463		dong2022_rna	RNA subgroup 3	Lin 2026 Table S4D (Lin's calls)
FU_iCCA	417		dong2022_rna	RNA subgroup 3	Lin 2026 Table S4D (Lin's calls)
FU_iCCA	277		dong2022_rna	RNA subgroup 2	Lin 2026 Table S4D (Lin's calls)
FU_iCCA	375		dong2022_rna	RNA subgroup 2	Lin 2026 Table S4D (Lin's calls)
FU_iCCA	977		dong2022_rna	RNA subgroup 2	Lin 2026 Table S4D (Lin's calls)
FU_iCCA	865		dong2022_rna	RNA subgroup 2	Lin 2026 Table S4D (Lin's calls)
FU_iCCA	561		dong2022_rna	RNA subgroup 2	Lin 2026 Table S4D (Lin's calls)
FU_iCCA	247		dong2022_rna	RNA subgroup 2	Lin 2026 Table S4D (Lin's calls)
FU_iCCA	825		dong2022_rna	RNA subgroup 2	Lin 2026 Table S4D (Lin's calls)
FU_iCCA	687		dong2022_rna	RNA subgroup 2	Lin 2026 Table S4D (Lin's calls)
FU_iCCA	475		dong2022_rna	RNA subgroup 2	Lin 2026 Table S4D (Lin's calls)
FU_iCCA	311		dong2022_rna	RNA subgroup 3	Lin 2026 Table S4D (Lin's calls)
FU_iCCA	331		dong2022_rna	RNA subgroup 3	Lin 2026 Table S4D (Lin's calls)
FU_iCCA	163		dong2022_rna	RNA subgroup 3	Lin 2026 Table S4D (Lin's calls)
FU_iCCA	251		dong2022_rna	RNA subgroup 3	Lin 2026 Table S4D (Lin's calls)
FU_iCCA	477		dong2022_rna	RNA subgroup 1	Lin 2026 Table S4D (Lin's calls)
FU_iCCA	547		dong2022_rna	RNA subgroup 2	Lin 2026 Table S4D (Lin's calls)
FU_iCCA	931		dong2022_rna	RNA subgroup 2	Lin 2026 Table S4D (Lin's calls)
FU_iCCA	843		dong2022_rna	RNA subgroup 2	Lin 2026 Table S4D (Lin's calls)
FU_iCCA	683		dong2022_rna	RNA subgroup 2	Lin 2026 Table S4D (Lin's calls)
FU_iCCA	651		dong2022_rna	RNA subgroup 1	Lin 2026 Table S4D (Lin's calls)
FU_iCCA	455		dong2022_rna	RNA subgroup 1	Lin 2026 Table S4D (Lin's calls)
FU_iCCA	857		dong2022_rna	RNA subgroup 3	Lin 2026 Table S4D (Lin's calls)
FU_iCCA	413		dong2022_rna	RNA subgroup 3	Lin 2026 Table S4D (Lin's calls)
FU_iCCA	257		dong2022_rna	RNA subgroup 2	Lin 2026 Table S4D (Lin's calls)
FU_iCCA	145		dong2022_rna	RNA subgroup 2	Lin 2026 Table S4D (Lin's calls)
FU_iCCA	273		dong2022_rna	RNA subgroup 2	Lin 2026 Table S4D (Lin's calls)
FU_iCCA	191		dong2022_rna	RNA subgroup 2	Lin 2026 Table S4D (Lin's calls)
FU_iCCA	821		dong2022_rna	RNA subgroup 2	Lin 2026 Table S4D (Lin's calls)
FU_iCCA	927		dong2022_rna	RNA subgroup 2	Lin 2026 Table S4D (Lin's calls)
FU_iCCA	923		dong2022_rna	RNA subgroup 2	Lin 2026 Table S4D (Lin's calls)
FU_iCCA	913		dong2022_rna	RNA subgroup 2	Lin 2026 Table S4D (Lin's calls)
FU_iCCA	265		dong2022_rna	RNA subgroup 2	Lin 2026 Table S4D (Lin's calls)
FU_iCCA	183		dong2022_rna	RNA subgroup 2	Lin 2026 Table S4D (Lin's calls)
FU_iCCA	193		dong2022_rna	RNA subgroup 2	Lin 2026 Table S4D (Lin's calls)
FU_iCCA	495		dong2022_rna	RNA subgroup 2	Lin 2026 Table S4D (Lin's calls)
FU_iCCA	457		dong2022_rna	RNA subgroup 2	Lin 2026 Table S4D (Lin's calls)
FU_iCCA	197		dong2022_rna	RNA subgroup 2	Lin 2026 Table S4D (Lin's calls)
FU_iCCA	937		dong2022_rna	RNA subgroup 2	Lin 2026 Table S4D (Lin's calls)
FU_iCCA	433		dong2022_rna	RNA subgroup 2	Lin 2026 Table S4D (Lin's calls)
FU_iCCA	445		dong2022_rna	RNA subgroup 2	Lin 2026 Table S4D (Lin's calls)
FU_iCCA	847		dong2022_rna	RNA subgroup 2	Lin 2026 Table S4D (Lin's calls)
FU_iCCA	535		dong2022_rna	RNA subgroup 2	Lin 2026 Table S4D (Lin's calls)
FU_iCCA	353		dong2022_rna	RNA subgroup 2	Lin 2026 Table S4D (Lin's calls)
FU_iCCA	345		dong2022_rna	RNA subgroup 2	Lin 2026 Table S4D (Lin's calls)
FU_iCCA	245		dong2022_rna	RNA subgroup 2	Lin 2026 Table S4D (Lin's calls)
FU_iCCA	883		dong2022_rna	RNA subgroup 2	Lin 2026 Table S4D (Lin's calls)
FU_iCCA	153		dong2022_rna	RNA subgroup 2	Lin 2026 Table S4D (Lin's calls)
FU_iCCA	335		dong2022_rna	RNA subgroup 2	Lin 2026 Table S4D (Lin's calls)
FU_iCCA	263		dong2022_rna	RNA subgroup 2	Lin 2026 Table S4D (Lin's calls)
FU_iCCA	541		dong2022_rna	RNA subgroup 3	Lin 2026 Table S4D (Lin's calls)
FU_iCCA	317		dong2022_rna	RNA subgroup 3	Lin 2026 Table S4D (Lin's calls)
FU_iCCA	925		dong2022_rna	RNA subgroup 2	Lin 2026 Table S4D (Lin's calls)
FU_iCCA	215		dong2022_rna	RNA subgroup 2	Lin 2026 Table S4D (Lin's calls)
FU_iCCA	993		dong2022_rna	RNA subgroup 2	Lin 2026 Table S4D (Lin's calls)
FU_iCCA	545		dong2022_rna	RNA subgroup 2	Lin 2026 Table S4D (Lin's calls)
FU_iCCA	615		dong2022_rna	RNA subgroup 2	Lin 2026 Table S4D (Lin's calls)
FU_iCCA	877		dong2022_rna	RNA subgroup 2	Lin 2026 Table S4D (Lin's calls)
FU_iCCA	161		dong2022_rna	RNA subgroup 2	Lin 2026 Table S4D (Lin's calls)
FU_iCCA	143		dong2022_rna	RNA subgroup 2	Lin 2026 Table S4D (Lin's calls)
FU_iCCA	137		dong2022_rna	RNA subgroup 2	Lin 2026 Table S4D (Lin's calls)
FU_iCCA	941		dong2022_rna	RNA subgroup 3	Lin 2026 Table S4D (Lin's calls)
FU_iCCA	187		dong2022_rna	RNA subgroup 2	Lin 2026 Table S4D (Lin's calls)
FU_iCCA	813		dong2022_rna	RNA subgroup 2	Lin 2026 Table S4D (Lin's calls)
FU_iCCA	487		dong2022_rna	RNA subgroup 2	Lin 2026 Table S4D (Lin's calls)
FU_iCCA	177		dong2022_rna	RNA subgroup 2	Lin 2026 Table S4D (Lin's calls)
FU_iCCA	617		dong2022_rna	RNA subgroup 2	Lin 2026 Table S4D (Lin's calls)
FU_iCCA	563		dong2022_rna	RNA subgroup 2	Lin 2026 Table S4D (Lin's calls)
FU_iCCA	623		dong2022_rna	RNA subgroup 2	Lin 2026 Table S4D (Lin's calls)
FU_iCCA	845		dong2022_rna	RNA subgroup 2	Lin 2026 Table S4D (Lin's calls)
FU_iCCA	613		dong2022_rna	RNA subgroup 2	Lin 2026 Table S4D (Lin's calls)
FU_iCCA	473		dong2022_rna	RNA subgroup 2	Lin 2026 Table S4D (Lin's calls)
FU_iCCA	975		dong2022_rna	RNA subgroup 2	Lin 2026 Table S4D (Lin's calls)
FU_iCCA	493		dong2022_rna	RNA subgroup 2	Lin 2026 Table S4D (Lin's calls)
FU_iCCA	921		dong2022_rna	RNA subgroup 2	Lin 2026 Table S4D (Lin's calls)
FU_iCCA	551		dong2022_rna	RNA subgroup 2	Lin 2026 Table S4D (Lin's calls)
FU_iCCA	675		dong2022_rna	RNA subgroup 2	Lin 2026 Table S4D (Lin's calls)
FU_iCCA	237		dong2022_rna	RNA subgroup 2	Lin 2026 Table S4D (Lin's calls)
FU_iCCA	411		dong2022_rna	RNA subgroup 2	Lin 2026 Table S4D (Lin's calls)
FU_iCCA	415		dong2022_rna	RNA subgroup 2	Lin 2026 Table S4D (Lin's calls)
FU_iCCA	577		dong2022_rna	RNA subgroup 2	Lin 2026 Table S4D (Lin's calls)
FU_iCCA	361		dong2022_rna	RNA subgroup 2	Lin 2026 Table S4D (Lin's calls)
FU_iCCA	661		dong2022_rna	RNA subgroup 2	Lin 2026 Table S4D (Lin's calls)
FU_iCCA	673		dong2022_rna	RNA subgroup 2	Lin 2026 Table S4D (Lin's calls)
FU_iCCA	947		dong2022_rna	RNA subgroup 2	Lin 2026 Table S4D (Lin's calls)
FU_iCCA	957		dong2022_rna	RNA subgroup 2	Lin 2026 Table S4D (Lin's calls)
FU_iCCA	355		dong2022_rna	RNA subgroup 2	Lin 2026 Table S4D (Lin's calls)
FU_iCCA	591		dong2022_rna	RNA subgroup 2	Lin 2026 Table S4D (Lin's calls)
FU_iCCA	123		dong2022_rna	RNA subgroup 3	Lin 2026 Table S4D (Lin's calls)
FU_iCCA	327		dong2022_rna	RNA subgroup 3	Lin 2026 Table S4D (Lin's calls)
FU_iCCA	117		dong2022_rna	RNA subgroup 3	Lin 2026 Table S4D (Lin's calls)
FU_iCCA	285		dong2022_rna	RNA subgroup 2	Lin 2026 Table S4D (Lin's calls)
FU_iCCA	621		dong2022_rna	RNA subgroup 2	Lin 2026 Table S4D (Lin's calls)
FU_iCCA	467		dong2022_rna	RNA subgroup 2	Lin 2026 Table S4D (Lin's calls)
FU_iCCA	531		dong2022_rna	RNA subgroup 2	Lin 2026 Table S4D (Lin's calls)
FU_iCCA	995		dong2022_rna	RNA subgroup 2	Lin 2026 Table S4D (Lin's calls)
FU_iCCA	443		dong2022_rna	RNA subgroup 2	Lin 2026 Table S4D (Lin's calls)
FU_iCCA	313		dong2022_rna	RNA subgroup 2	Lin 2026 Table S4D (Lin's calls)
FU_iCCA	367		dong2022_rna	RNA subgroup 2	Lin 2026 Table S4D (Lin's calls)
FU_iCCA	693		dong2022_rna	RNA subgroup 2	Lin 2026 Table S4D (Lin's calls)
FU_iCCA	667		dong2022_rna	RNA subgroup 2	Lin 2026 Table S4D (Lin's calls)
FU_iCCA	611		dong2022_rna	RNA subgroup 2	Lin 2026 Table S4D (Lin's calls)
FU_iCCA	171		dong2022_rna	RNA subgroup 2	Lin 2026 Table S4D (Lin's calls)
FU_iCCA	855		dong2022_rna	RNA subgroup 2	Lin 2026 Table S4D (Lin's calls)
FU_iCCA	571		dong2022_rna	RNA subgroup 2	Lin 2026 Table S4D (Lin's calls)
FU_iCCA	643		dong2022_rna	RNA subgroup 3	Lin 2026 Table S4D (Lin's calls)
FU_iCCA	347		dong2022_rna	RNA subgroup 3	Lin 2026 Table S4D (Lin's calls)
FU_iCCA	483		nakamura2015	Cluster 1	Lin 2026 Table S4D (Lin's calls)
FU_iCCA	391		nakamura2015	Cluster 2	Lin 2026 Table S4D (Lin's calls)
FU_iCCA	383		nakamura2015	Cluster 2	Lin 2026 Table S4D (Lin's calls)
FU_iCCA	441		nakamura2015	Cluster 2	Lin 2026 Table S4D (Lin's calls)
FU_iCCA	953		nakamura2015	Cluster 3	Lin 2026 Table S4D (Lin's calls)
FU_iCCA	385		nakamura2015	Cluster 3	Lin 2026 Table S4D (Lin's calls)
FU_iCCA	853		nakamura2015	Cluster 3	Lin 2026 Table S4D (Lin's calls)
FU_iCCA	225		nakamura2015	Cluster 3	Lin 2026 Table S4D (Lin's calls)
FU_iCCA	125		nakamura2015	Cluster 3	Lin 2026 Table S4D (Lin's calls)
FU_iCCA	537		nakamura2015	Cluster 3	Lin 2026 Table S4D (Lin's calls)
FU_iCCA	275		nakamura2015	Cluster 3	Lin 2026 Table S4D (Lin's calls)
FU_iCCA	945		nakamura2015	Cluster 3	Lin 2026 Table S4D (Lin's calls)
FU_iCCA	453		nakamura2015	Cluster 2	Lin 2026 Table S4D (Lin's calls)
FU_iCCA	397		nakamura2015	Cluster 2	Lin 2026 Table S4D (Lin's calls)
FU_iCCA	167		nakamura2015	Cluster 2	Lin 2026 Table S4D (Lin's calls)
FU_iCCA	587		nakamura2015	Cluster 2	Lin 2026 Table S4D (Lin's calls)
FU_iCCA	351		nakamura2015	Cluster 2	Lin 2026 Table S4D (Lin's calls)
FU_iCCA	461		nakamura2015	Cluster 2	Lin 2026 Table S4D (Lin's calls)
FU_iCCA	465		nakamura2015	Cluster 2	Lin 2026 Table S4D (Lin's calls)
FU_iCCA	243		nakamura2015	Cluster 2	Lin 2026 Table S4D (Lin's calls)
FU_iCCA	381		nakamura2015	Cluster 2	Lin 2026 Table S4D (Lin's calls)
FU_iCCA	357		nakamura2015	Cluster 3	Lin 2026 Table S4D (Lin's calls)
FU_iCCA	235		nakamura2015	Cluster 3	Lin 2026 Table S4D (Lin's calls)
FU_iCCA	851		nakamura2015	Cluster 3	Lin 2026 Table S4D (Lin's calls)
FU_iCCA	583		nakamura2015	Cluster 3	Lin 2026 Table S4D (Lin's calls)
FU_iCCA	341		nakamura2015	Cluster 3	Lin 2026 Table S4D (Lin's calls)
FU_iCCA	325		nakamura2015	Cluster 3	Lin 2026 Table S4D (Lin's calls)
FU_iCCA	653		nakamura2015	Cluster 3	Lin 2026 Table S4D (Lin's calls)
FU_iCCA	647		nakamura2015	Cluster 3	Lin 2026 Table S4D (Lin's calls)
FU_iCCA	633		nakamura2015	Cluster 3	Lin 2026 Table S4D (Lin's calls)
FU_iCCA	437		nakamura2015	Cluster 3	Lin 2026 Table S4D (Lin's calls)
FU_iCCA	217		nakamura2015	Cluster 3	Lin 2026 Table S4D (Lin's calls)
FU_iCCA	147		nakamura2015	Cluster 3	Lin 2026 Table S4D (Lin's calls)
FU_iCCA	261		nakamura2015	Cluster 3	Lin 2026 Table S4D (Lin's calls)
FU_iCCA	387		nakamura2015	Cluster 3	Lin 2026 Table S4D (Lin's calls)
FU_iCCA	281		nakamura2015	Cluster 3	Lin 2026 Table S4D (Lin's calls)
FU_iCCA	685		nakamura2015	Cluster 3	Lin 2026 Table S4D (Lin's calls)
FU_iCCA	961		nakamura2015	Cluster 3	Lin 2026 Table S4D (Lin's calls)
FU_iCCA	871		nakamura2015	Cluster 3	Lin 2026 Table S4D (Lin's calls)
FU_iCCA	371		nakamura2015	Cluster 3	Lin 2026 Table S4D (Lin's calls)
FU_iCCA	827		nakamura2015	Cluster 3	Lin 2026 Table S4D (Lin's calls)
FU_iCCA	365		nakamura2015	Cluster 3	Lin 2026 Table S4D (Lin's calls)
FU_iCCA	337		nakamura2015	Cluster 3	Lin 2026 Table S4D (Lin's calls)
FU_iCCA	141		nakamura2015	Cluster 3	Lin 2026 Table S4D (Lin's calls)
FU_iCCA	841		nakamura2015	Cluster 3	Lin 2026 Table S4D (Lin's calls)
FU_iCCA	435		nakamura2015	Cluster 3	Lin 2026 Table S4D (Lin's calls)
FU_iCCA	833		nakamura2015	Cluster 3	Lin 2026 Table S4D (Lin's calls)
FU_iCCA	823		nakamura2015	Cluster 3	Lin 2026 Table S4D (Lin's calls)
FU_iCCA	431		nakamura2015	Cluster 3	Lin 2026 Table S4D (Lin's calls)
FU_iCCA	195		nakamura2015	Cluster 3	Lin 2026 Table S4D (Lin's calls)
FU_iCCA	867		nakamura2015	Cluster 3	Lin 2026 Table S4D (Lin's calls)
FU_iCCA	645		nakamura2015	Cluster 3	Lin 2026 Table S4D (Lin's calls)
FU_iCCA	881		nakamura2015	Cluster 3	Lin 2026 Table S4D (Lin's calls)
FU_iCCA	127		nakamura2015	Cluster 3	Lin 2026 Table S4D (Lin's calls)
FU_iCCA	915		nakamura2015	Cluster 3	Lin 2026 Table S4D (Lin's calls)
FU_iCCA	491		nakamura2015	Cluster 3	Lin 2026 Table S4D (Lin's calls)
FU_iCCA	131		nakamura2015	Cluster 3	Lin 2026 Table S4D (Lin's calls)
FU_iCCA	525		nakamura2015	Cluster 3	Lin 2026 Table S4D (Lin's calls)
FU_iCCA	373		nakamura2015	Cluster 3	Lin 2026 Table S4D (Lin's calls)
FU_iCCA	555		nakamura2015	Cluster 3	Lin 2026 Table S4D (Lin's calls)
FU_iCCA	181		nakamura2015	Cluster 2	Lin 2026 Table S4D (Lin's calls)
FU_iCCA	863		nakamura2015	Cluster 2	Lin 2026 Table S4D (Lin's calls)
FU_iCCA	221		nakamura2015	Cluster 2	Lin 2026 Table S4D (Lin's calls)
FU_iCCA	965		nakamura2015	Cluster 2	Lin 2026 Table S4D (Lin's calls)
FU_iCCA	973		nakamura2015	Cluster 2	Lin 2026 Table S4D (Lin's calls)
FU_iCCA	427		nakamura2015	Cluster 2	Lin 2026 Table S4D (Lin's calls)
FU_iCCA	211		nakamura2015	Cluster 2	Lin 2026 Table S4D (Lin's calls)
FU_iCCA	151		nakamura2015	Cluster 2	Lin 2026 Table S4D (Lin's calls)
FU_iCCA	423		nakamura2015	Cluster 4	Lin 2026 Table S4D (Lin's calls)
FU_iCCA	513		nakamura2015	Cluster 4	Lin 2026 Table S4D (Lin's calls)
FU_iCCA	157		nakamura2015	Cluster 3	Lin 2026 Table S4D (Lin's calls)
FU_iCCA	631		nakamura2015	Cluster 3	Lin 2026 Table S4D (Lin's calls)
FU_iCCA	655		nakamura2015	Cluster 3	Lin 2026 Table S4D (Lin's calls)
FU_iCCA	981		nakamura2015	Cluster 3	Lin 2026 Table S4D (Lin's calls)
FU_iCCA	691		nakamura2015	Cluster 1	Lin 2026 Table S4D (Lin's calls)
FU_iCCA	241		nakamura2015	Cluster 3	Lin 2026 Table S4D (Lin's calls)
FU_iCCA	565		nakamura2015	Cluster 3	Lin 2026 Table S4D (Lin's calls)
FU_iCCA	377		nakamura2015	Cluster 3	Lin 2026 Table S4D (Lin's calls)
FU_iCCA	471		nakamura2015	Cluster 4	Lin 2026 Table S4D (Lin's calls)
FU_iCCA	485		nakamura2015	Cluster 4	Lin 2026 Table S4D (Lin's calls)
FU_iCCA	963		nakamura2015	Cluster 4	Lin 2026 Table S4D (Lin's calls)
FU_iCCA	663		nakamura2015	Cluster 4	Lin 2026 Table S4D (Lin's calls)
FU_iCCA	681		nakamura2015	Cluster 4	Lin 2026 Table S4D (Lin's calls)
FU_iCCA	665		nakamura2015	Cluster 4	Lin 2026 Table S4D (Lin's calls)
FU_iCCA	575		nakamura2015	Cluster 4	Lin 2026 Table S4D (Lin's calls)
FU_iCCA	553		nakamura2015	Cluster 4	Lin 2026 Table S4D (Lin's calls)
FU_iCCA	811		nakamura2015	Cluster 4	Lin 2026 Table S4D (Lin's calls)
FU_iCCA	173		nakamura2015	Cluster 4	Lin 2026 Table S4D (Lin's calls)
FU_iCCA	637		nakamura2015	Cluster 4	Lin 2026 Table S4D (Lin's calls)
FU_iCCA	917		nakamura2015	Cluster 4	Lin 2026 Table S4D (Lin's calls)
FU_iCCA	971		nakamura2015	Cluster 4	Lin 2026 Table S4D (Lin's calls)
FU_iCCA	115		nakamura2015	Cluster 4	Lin 2026 Table S4D (Lin's calls)
FU_iCCA	677		nakamura2015	Cluster 4	Lin 2026 Table S4D (Lin's calls)
FU_iCCA	255		nakamura2015	Cluster 4	Lin 2026 Table S4D (Lin's calls)
FU_iCCA	111		nakamura2015	Cluster 1	Lin 2026 Table S4D (Lin's calls)
FU_iCCA	567		nakamura2015	Cluster 1	Lin 2026 Table S4D (Lin's calls)
FU_iCCA	343		nakamura2015	Cluster 3	Lin 2026 Table S4D (Lin's calls)
FU_iCCA	425		nakamura2015	Cluster 3	Lin 2026 Table S4D (Lin's calls)
FU_iCCA	133		nakamura2015	Cluster 3	Lin 2026 Table S4D (Lin's calls)
FU_iCCA	511		nakamura2015	Cluster 3	Lin 2026 Table S4D (Lin's calls)
FU_iCCA	627		nakamura2015	Cluster 4	Lin 2026 Table S4D (Lin's calls)
FU_iCCA	155		nakamura2015	Cluster 4	Lin 2026 Table S4D (Lin's calls)
FU_iCCA	175		nakamura2015	Cluster 4	Lin 2026 Table S4D (Lin's calls)
FU_iCCA	233		nakamura2015	Cluster 4	Lin 2026 Table S4D (Lin's calls)
FU_iCCA	885		nakamura2015	Cluster 4	Lin 2026 Table S4D (Lin's calls)
FU_iCCA	283		nakamura2015	Cluster 3	Lin 2026 Table S4D (Lin's calls)
FU_iCCA	451		nakamura2015	Cluster 3	Lin 2026 Table S4D (Lin's calls)
FU_iCCA	831		nakamura2015	Cluster 3	Lin 2026 Table S4D (Lin's calls)
FU_iCCA	165		nakamura2015	Cluster 1	Lin 2026 Table S4D (Lin's calls)
FU_iCCA	185		nakamura2015	Cluster 1	Lin 2026 Table S4D (Lin's calls)
FU_iCCA	135		nakamura2015	Cluster 1	Lin 2026 Table S4D (Lin's calls)
FU_iCCA	231		nakamura2015	Cluster 1	Lin 2026 Table S4D (Lin's calls)
FU_iCCA	395		nakamura2015	Cluster 1	Lin 2026 Table S4D (Lin's calls)
FU_iCCA	625		nakamura2015	Cluster 1	Lin 2026 Table S4D (Lin's calls)
FU_iCCA	573		nakamura2015	Cluster 1	Lin 2026 Table S4D (Lin's calls)
FU_iCCA	951		nakamura2015	Cluster 1	Lin 2026 Table S4D (Lin's calls)
FU_iCCA	581		nakamura2015	Cluster 1	Lin 2026 Table S4D (Lin's calls)
FU_iCCA	213		nakamura2015	Cluster 1	Lin 2026 Table S4D (Lin's calls)
FU_iCCA	363		nakamura2015	Cluster 1	Lin 2026 Table S4D (Lin's calls)
FU_iCCA	817		nakamura2015	Cluster 1	Lin 2026 Table S4D (Lin's calls)
FU_iCCA	875		nakamura2015	Cluster 1	Lin 2026 Table S4D (Lin's calls)
FU_iCCA	393		nakamura2015	Cluster 1	Lin 2026 Table S4D (Lin's calls)
FU_iCCA	533		nakamura2015	Cluster 1	Lin 2026 Table S4D (Lin's calls)
FU_iCCA	121		nakamura2015	Cluster 1	Lin 2026 Table S4D (Lin's calls)
FU_iCCA	911		nakamura2015	Cluster 1	Lin 2026 Table S4D (Lin's calls)
FU_iCCA	635		nakamura2015	Cluster 1	Lin 2026 Table S4D (Lin's calls)
FU_iCCA	515		nakamura2015	Cluster 1	Lin 2026 Table S4D (Lin's calls)
FU_iCCA	641		nakamura2015	Cluster 1	Lin 2026 Table S4D (Lin's calls)
FU_iCCA	835		nakamura2015	Cluster 1	Lin 2026 Table S4D (Lin's calls)
FU_iCCA	253		nakamura2015	Cluster 1	Lin 2026 Table S4D (Lin's calls)
FU_iCCA	113		nakamura2015	Cluster 1	Lin 2026 Table S4D (Lin's calls)
FU_iCCA	421		nakamura2015	Cluster 1	Lin 2026 Table S4D (Lin's calls)
FU_iCCA	267		nakamura2015	Cluster 1	Lin 2026 Table S4D (Lin's calls)
FU_iCCA	323		nakamura2015	Cluster 4	Lin 2026 Table S4D (Lin's calls)
FU_iCCA	517		nakamura2015	Cluster 4	Lin 2026 Table S4D (Lin's calls)
FU_iCCA	983		nakamura2015	Cluster 4	Lin 2026 Table S4D (Lin's calls)
FU_iCCA	543		nakamura2015	Cluster 4	Lin 2026 Table S4D (Lin's calls)
FU_iCCA	657		nakamura2015	Cluster 4	Lin 2026 Table S4D (Lin's calls)
FU_iCCA	521		nakamura2015	Cluster 4	Lin 2026 Table S4D (Lin's calls)
FU_iCCA	987		nakamura2015	Cluster 1	Lin 2026 Table S4D (Lin's calls)
FU_iCCA	585		nakamura2015	Cluster 4	Lin 2026 Table S4D (Lin's calls)
FU_iCCA	523		nakamura2015	Cluster 4	Lin 2026 Table S4D (Lin's calls)
FU_iCCA	861		nakamura2015	Cluster 4	Lin 2026 Table S4D (Lin's calls)
FU_iCCA	557		nakamura2015	Cluster 4	Lin 2026 Table S4D (Lin's calls)
FU_iCCA	223		nakamura2015	Cluster 4	Lin 2026 Table S4D (Lin's calls)
FU_iCCA	497		nakamura2015	Cluster 4	Lin 2026 Table S4D (Lin's calls)
FU_iCCA	271		nakamura2015	Cluster 4	Lin 2026 Table S4D (Lin's calls)
FU_iCCA	447		nakamura2015	Cluster 4	Lin 2026 Table S4D (Lin's calls)
FU_iCCA	463		nakamura2015	Cluster 4	Lin 2026 Table S4D (Lin's calls)
FU_iCCA	417		nakamura2015	Cluster 4	Lin 2026 Table S4D (Lin's calls)
FU_iCCA	277		nakamura2015	Cluster 1	Lin 2026 Table S4D (Lin's calls)
FU_iCCA	375		nakamura2015	Cluster 1	Lin 2026 Table S4D (Lin's calls)
FU_iCCA	977		nakamura2015	Cluster 1	Lin 2026 Table S4D (Lin's calls)
FU_iCCA	865		nakamura2015	Cluster 1	Lin 2026 Table S4D (Lin's calls)
FU_iCCA	561		nakamura2015	Cluster 1	Lin 2026 Table S4D (Lin's calls)
FU_iCCA	247		nakamura2015	Cluster 1	Lin 2026 Table S4D (Lin's calls)
FU_iCCA	825		nakamura2015	Cluster 1	Lin 2026 Table S4D (Lin's calls)
FU_iCCA	687		nakamura2015	Cluster 1	Lin 2026 Table S4D (Lin's calls)
FU_iCCA	475		nakamura2015	Cluster 4	Lin 2026 Table S4D (Lin's calls)
FU_iCCA	311		nakamura2015	Cluster 4	Lin 2026 Table S4D (Lin's calls)
FU_iCCA	331		nakamura2015	Cluster 4	Lin 2026 Table S4D (Lin's calls)
FU_iCCA	163		nakamura2015	Cluster 4	Lin 2026 Table S4D (Lin's calls)
FU_iCCA	251		nakamura2015	Cluster 4	Lin 2026 Table S4D (Lin's calls)
FU_iCCA	477		nakamura2015	Cluster 1	Lin 2026 Table S4D (Lin's calls)
FU_iCCA	547		nakamura2015	Cluster 1	Lin 2026 Table S4D (Lin's calls)
FU_iCCA	931		nakamura2015	Cluster 1	Lin 2026 Table S4D (Lin's calls)
FU_iCCA	843		nakamura2015	Cluster 1	Lin 2026 Table S4D (Lin's calls)
FU_iCCA	683		nakamura2015	Cluster 1	Lin 2026 Table S4D (Lin's calls)
FU_iCCA	651		nakamura2015	Cluster 1	Lin 2026 Table S4D (Lin's calls)
FU_iCCA	455		nakamura2015	Cluster 3	Lin 2026 Table S4D (Lin's calls)
FU_iCCA	857		nakamura2015	Cluster 4	Lin 2026 Table S4D (Lin's calls)
FU_iCCA	413		nakamura2015	Cluster 4	Lin 2026 Table S4D (Lin's calls)
FU_iCCA	257		nakamura2015	Cluster 1	Lin 2026 Table S4D (Lin's calls)
FU_iCCA	145		nakamura2015	Cluster 1	Lin 2026 Table S4D (Lin's calls)
FU_iCCA	273		nakamura2015	Cluster 1	Lin 2026 Table S4D (Lin's calls)
FU_iCCA	191		nakamura2015	Cluster 1	Lin 2026 Table S4D (Lin's calls)
FU_iCCA	821		nakamura2015	Cluster 1	Lin 2026 Table S4D (Lin's calls)
FU_iCCA	927		nakamura2015	Cluster 1	Lin 2026 Table S4D (Lin's calls)
FU_iCCA	923		nakamura2015	Cluster 1	Lin 2026 Table S4D (Lin's calls)
FU_iCCA	913		nakamura2015	Cluster 1	Lin 2026 Table S4D (Lin's calls)
FU_iCCA	265		nakamura2015	Cluster 1	Lin 2026 Table S4D (Lin's calls)
FU_iCCA	183		nakamura2015	Cluster 1	Lin 2026 Table S4D (Lin's calls)
FU_iCCA	193		nakamura2015	Cluster 1	Lin 2026 Table S4D (Lin's calls)
FU_iCCA	495		nakamura2015	Cluster 1	Lin 2026 Table S4D (Lin's calls)
FU_iCCA	457		nakamura2015	Cluster 1	Lin 2026 Table S4D (Lin's calls)
FU_iCCA	197		nakamura2015	Cluster 1	Lin 2026 Table S4D (Lin's calls)
FU_iCCA	937		nakamura2015	Cluster 1	Lin 2026 Table S4D (Lin's calls)
FU_iCCA	433		nakamura2015	Cluster 1	Lin 2026 Table S4D (Lin's calls)
FU_iCCA	445		nakamura2015	Cluster 1	Lin 2026 Table S4D (Lin's calls)
FU_iCCA	847		nakamura2015	Cluster 1	Lin 2026 Table S4D (Lin's calls)
FU_iCCA	535		nakamura2015	Cluster 1	Lin 2026 Table S4D (Lin's calls)
FU_iCCA	353		nakamura2015	Cluster 1	Lin 2026 Table S4D (Lin's calls)
FU_iCCA	345		nakamura2015	Cluster 1	Lin 2026 Table S4D (Lin's calls)
FU_iCCA	245		nakamura2015	Cluster 1	Lin 2026 Table S4D (Lin's calls)
FU_iCCA	883		nakamura2015	Cluster 1	Lin 2026 Table S4D (Lin's calls)
FU_iCCA	153		nakamura2015	Cluster 1	Lin 2026 Table S4D (Lin's calls)
FU_iCCA	335		nakamura2015	Cluster 1	Lin 2026 Table S4D (Lin's calls)
FU_iCCA	263		nakamura2015	Cluster 4	Lin 2026 Table S4D (Lin's calls)
FU_iCCA	541		nakamura2015	Cluster 4	Lin 2026 Table S4D (Lin's calls)
FU_iCCA	317		nakamura2015	Cluster 4	Lin 2026 Table S4D (Lin's calls)
FU_iCCA	925		nakamura2015	Cluster 1	Lin 2026 Table S4D (Lin's calls)
FU_iCCA	215		nakamura2015	Cluster 1	Lin 2026 Table S4D (Lin's calls)
FU_iCCA	993		nakamura2015	Cluster 1	Lin 2026 Table S4D (Lin's calls)
FU_iCCA	545		nakamura2015	Cluster 1	Lin 2026 Table S4D (Lin's calls)
FU_iCCA	615		nakamura2015	Cluster 1	Lin 2026 Table S4D (Lin's calls)
FU_iCCA	877		nakamura2015	Cluster 1	Lin 2026 Table S4D (Lin's calls)
FU_iCCA	161		nakamura2015	Cluster 1	Lin 2026 Table S4D (Lin's calls)
FU_iCCA	143		nakamura2015	Cluster 1	Lin 2026 Table S4D (Lin's calls)
FU_iCCA	137		nakamura2015	Cluster 4	Lin 2026 Table S4D (Lin's calls)
FU_iCCA	941		nakamura2015	Cluster 4	Lin 2026 Table S4D (Lin's calls)
FU_iCCA	187		nakamura2015	Cluster 1	Lin 2026 Table S4D (Lin's calls)
FU_iCCA	813		nakamura2015	Cluster 1	Lin 2026 Table S4D (Lin's calls)
FU_iCCA	487		nakamura2015	Cluster 1	Lin 2026 Table S4D (Lin's calls)
FU_iCCA	177		nakamura2015	Cluster 1	Lin 2026 Table S4D (Lin's calls)
FU_iCCA	617		nakamura2015	Cluster 1	Lin 2026 Table S4D (Lin's calls)
FU_iCCA	563		nakamura2015	Cluster 1	Lin 2026 Table S4D (Lin's calls)
FU_iCCA	623		nakamura2015	Cluster 1	Lin 2026 Table S4D (Lin's calls)
FU_iCCA	845		nakamura2015	Cluster 1	Lin 2026 Table S4D (Lin's calls)
FU_iCCA	613		nakamura2015	Cluster 1	Lin 2026 Table S4D (Lin's calls)
FU_iCCA	473		nakamura2015	Cluster 1	Lin 2026 Table S4D (Lin's calls)
FU_iCCA	975		nakamura2015	Cluster 1	Lin 2026 Table S4D (Lin's calls)
FU_iCCA	493		nakamura2015	Cluster 1	Lin 2026 Table S4D (Lin's calls)
FU_iCCA	921		nakamura2015	Cluster 1	Lin 2026 Table S4D (Lin's calls)
FU_iCCA	551		nakamura2015	Cluster 1	Lin 2026 Table S4D (Lin's calls)
FU_iCCA	675		nakamura2015	Cluster 1	Lin 2026 Table S4D (Lin's calls)
FU_iCCA	237		nakamura2015	Cluster 1	Lin 2026 Table S4D (Lin's calls)
FU_iCCA	411		nakamura2015	Cluster 1	Lin 2026 Table S4D (Lin's calls)
FU_iCCA	415		nakamura2015	Cluster 1	Lin 2026 Table S4D (Lin's calls)
FU_iCCA	577		nakamura2015	Cluster 1	Lin 2026 Table S4D (Lin's calls)
FU_iCCA	361		nakamura2015	Cluster 1	Lin 2026 Table S4D (Lin's calls)
FU_iCCA	661		nakamura2015	Cluster 1	Lin 2026 Table S4D (Lin's calls)
FU_iCCA	673		nakamura2015	Cluster 1	Lin 2026 Table S4D (Lin's calls)
FU_iCCA	947		nakamura2015	Cluster 1	Lin 2026 Table S4D (Lin's calls)
FU_iCCA	957		nakamura2015	Cluster 1	Lin 2026 Table S4D (Lin's calls)
FU_iCCA	355		nakamura2015	Cluster 1	Lin 2026 Table S4D (Lin's calls)
FU_iCCA	591		nakamura2015	Cluster 4	Lin 2026 Table S4D (Lin's calls)
FU_iCCA	123		nakamura2015	Cluster 4	Lin 2026 Table S4D (Lin's calls)
FU_iCCA	327		nakamura2015	Cluster 4	Lin 2026 Table S4D (Lin's calls)
FU_iCCA	117		nakamura2015	Cluster 4	Lin 2026 Table S4D (Lin's calls)
FU_iCCA	285		nakamura2015	Cluster 1	Lin 2026 Table S4D (Lin's calls)
FU_iCCA	621		nakamura2015	Cluster 1	Lin 2026 Table S4D (Lin's calls)
FU_iCCA	467		nakamura2015	Cluster 1	Lin 2026 Table S4D (Lin's calls)
FU_iCCA	531		nakamura2015	Cluster 1	Lin 2026 Table S4D (Lin's calls)
FU_iCCA	995		nakamura2015	Cluster 1	Lin 2026 Table S4D (Lin's calls)
FU_iCCA	443		nakamura2015	Cluster 1	Lin 2026 Table S4D (Lin's calls)
FU_iCCA	313		nakamura2015	Cluster 1	Lin 2026 Table S4D (Lin's calls)
FU_iCCA	367		nakamura2015	Cluster 1	Lin 2026 Table S4D (Lin's calls)
FU_iCCA	693		nakamura2015	Cluster 1	Lin 2026 Table S4D (Lin's calls)
FU_iCCA	667		nakamura2015	Cluster 1	Lin 2026 Table S4D (Lin's calls)
FU_iCCA	611		nakamura2015	Cluster 1	Lin 2026 Table S4D (Lin's calls)
FU_iCCA	171		nakamura2015	Cluster 1	Lin 2026 Table S4D (Lin's calls)
FU_iCCA	855		nakamura2015	Cluster 1	Lin 2026 Table S4D (Lin's calls)
FU_iCCA	571		nakamura2015	Cluster 4	Lin 2026 Table S4D (Lin's calls)
FU_iCCA	643		nakamura2015	Cluster 4	Lin 2026 Table S4D (Lin's calls)
FU_iCCA	347		nakamura2015	Cluster 4	Lin 2026 Table S4D (Lin's calls)
FU_iCCA	483		dong2022_proteomic_lin	Mesenchymal	Lin 2026 Table S4D (Lin's calls)
FU_iCCA	391		dong2022_proteomic_lin	Inflammatory	Lin 2026 Table S4D (Lin's calls)
FU_iCCA	383		dong2022_proteomic_lin	Inflammatory	Lin 2026 Table S4D (Lin's calls)
FU_iCCA	441		dong2022_proteomic_lin	Metabolic	Lin 2026 Table S4D (Lin's calls)
FU_iCCA	953		dong2022_proteomic_lin	Inflammatory	Lin 2026 Table S4D (Lin's calls)
FU_iCCA	385		dong2022_proteomic_lin	Inflammatory	Lin 2026 Table S4D (Lin's calls)
FU_iCCA	853		dong2022_proteomic_lin	Inflammatory	Lin 2026 Table S4D (Lin's calls)
FU_iCCA	225		dong2022_proteomic_lin	Inflammatory	Lin 2026 Table S4D (Lin's calls)
FU_iCCA	125		dong2022_proteomic_lin	Inflammatory	Lin 2026 Table S4D (Lin's calls)
FU_iCCA	537		dong2022_proteomic_lin	Mesenchymal	Lin 2026 Table S4D (Lin's calls)
FU_iCCA	453		dong2022_proteomic_lin	Inflammatory	Lin 2026 Table S4D (Lin's calls)
FU_iCCA	397		dong2022_proteomic_lin	Metabolic	Lin 2026 Table S4D (Lin's calls)
FU_iCCA	167		dong2022_proteomic_lin	Inflammatory	Lin 2026 Table S4D (Lin's calls)
FU_iCCA	587		dong2022_proteomic_lin	Inflammatory	Lin 2026 Table S4D (Lin's calls)
FU_iCCA	351		dong2022_proteomic_lin	Inflammatory	Lin 2026 Table S4D (Lin's calls)
FU_iCCA	461		dong2022_proteomic_lin	Inflammatory	Lin 2026 Table S4D (Lin's calls)
FU_iCCA	465		dong2022_proteomic_lin	Mesenchymal	Lin 2026 Table S4D (Lin's calls)
FU_iCCA	243		dong2022_proteomic_lin	Mesenchymal	Lin 2026 Table S4D (Lin's calls)
FU_iCCA	357		dong2022_proteomic_lin	Inflammatory	Lin 2026 Table S4D (Lin's calls)
FU_iCCA	235		dong2022_proteomic_lin	Inflammatory	Lin 2026 Table S4D (Lin's calls)
FU_iCCA	851		dong2022_proteomic_lin	Inflammatory	Lin 2026 Table S4D (Lin's calls)
FU_iCCA	583		dong2022_proteomic_lin	Inflammatory	Lin 2026 Table S4D (Lin's calls)
FU_iCCA	341		dong2022_proteomic_lin	Inflammatory	Lin 2026 Table S4D (Lin's calls)
FU_iCCA	325		dong2022_proteomic_lin	Inflammatory	Lin 2026 Table S4D (Lin's calls)
FU_iCCA	653		dong2022_proteomic_lin	Inflammatory	Lin 2026 Table S4D (Lin's calls)
FU_iCCA	647		dong2022_proteomic_lin	Inflammatory	Lin 2026 Table S4D (Lin's calls)
FU_iCCA	633		dong2022_proteomic_lin	Mesenchymal	Lin 2026 Table S4D (Lin's calls)
FU_iCCA	437		dong2022_proteomic_lin	Mesenchymal	Lin 2026 Table S4D (Lin's calls)
FU_iCCA	217		dong2022_proteomic_lin	Mesenchymal	Lin 2026 Table S4D (Lin's calls)
FU_iCCA	147		dong2022_proteomic_lin	Mesenchymal	Lin 2026 Table S4D (Lin's calls)
FU_iCCA	261		dong2022_proteomic_lin	Mesenchymal	Lin 2026 Table S4D (Lin's calls)
FU_iCCA	387		dong2022_proteomic_lin	Mesenchymal	Lin 2026 Table S4D (Lin's calls)
FU_iCCA	281		dong2022_proteomic_lin	Mesenchymal	Lin 2026 Table S4D (Lin's calls)
FU_iCCA	685		dong2022_proteomic_lin	Mesenchymal	Lin 2026 Table S4D (Lin's calls)
FU_iCCA	961		dong2022_proteomic_lin	Mesenchymal	Lin 2026 Table S4D (Lin's calls)
FU_iCCA	871		dong2022_proteomic_lin	Mesenchymal	Lin 2026 Table S4D (Lin's calls)
FU_iCCA	371		dong2022_proteomic_lin	Mesenchymal	Lin 2026 Table S4D (Lin's calls)
FU_iCCA	827		dong2022_proteomic_lin	Mesenchymal	Lin 2026 Table S4D (Lin's calls)
FU_iCCA	365		dong2022_proteomic_lin	Mesenchymal	Lin 2026 Table S4D (Lin's calls)
FU_iCCA	337		dong2022_proteomic_lin	Mesenchymal	Lin 2026 Table S4D (Lin's calls)
FU_iCCA	141		dong2022_proteomic_lin	Mesenchymal	Lin 2026 Table S4D (Lin's calls)
FU_iCCA	841		dong2022_proteomic_lin	Mesenchymal	Lin 2026 Table S4D (Lin's calls)
FU_iCCA	435		dong2022_proteomic_lin	Mesenchymal	Lin 2026 Table S4D (Lin's calls)
FU_iCCA	833		dong2022_proteomic_lin	Mesenchymal	Lin 2026 Table S4D (Lin's calls)
FU_iCCA	823		dong2022_proteomic_lin	Differentiated	Lin 2026 Table S4D (Lin's calls)
FU_iCCA	181		dong2022_proteomic_lin	Inflammatory	Lin 2026 Table S4D (Lin's calls)
FU_iCCA	863		dong2022_proteomic_lin	Inflammatory	Lin 2026 Table S4D (Lin's calls)
FU_iCCA	221		dong2022_proteomic_lin	Metabolic	Lin 2026 Table S4D (Lin's calls)
FU_iCCA	965		dong2022_proteomic_lin	Metabolic	Lin 2026 Table S4D (Lin's calls)
FU_iCCA	973		dong2022_proteomic_lin	Metabolic	Lin 2026 Table S4D (Lin's calls)
FU_iCCA	427		dong2022_proteomic_lin	Metabolic	Lin 2026 Table S4D (Lin's calls)
FU_iCCA	211		dong2022_proteomic_lin	Metabolic	Lin 2026 Table S4D (Lin's calls)
FU_iCCA	423		dong2022_proteomic_lin	Inflammatory	Lin 2026 Table S4D (Lin's calls)
FU_iCCA	513		dong2022_proteomic_lin	Mesenchymal	Lin 2026 Table S4D (Lin's calls)
FU_iCCA	157		dong2022_proteomic_lin	Inflammatory	Lin 2026 Table S4D (Lin's calls)
FU_iCCA	631		dong2022_proteomic_lin	Inflammatory	Lin 2026 Table S4D (Lin's calls)
FU_iCCA	655		dong2022_proteomic_lin	Inflammatory	Lin 2026 Table S4D (Lin's calls)
FU_iCCA	981		dong2022_proteomic_lin	Mesenchymal	Lin 2026 Table S4D (Lin's calls)
FU_iCCA	691		dong2022_proteomic_lin	Metabolic	Lin 2026 Table S4D (Lin's calls)
FU_iCCA	241		dong2022_proteomic_lin	Inflammatory	Lin 2026 Table S4D (Lin's calls)
FU_iCCA	565		dong2022_proteomic_lin	Metabolic	Lin 2026 Table S4D (Lin's calls)
FU_iCCA	471		dong2022_proteomic_lin	Metabolic	Lin 2026 Table S4D (Lin's calls)
FU_iCCA	485		dong2022_proteomic_lin	Metabolic	Lin 2026 Table S4D (Lin's calls)
FU_iCCA	963		dong2022_proteomic_lin	Metabolic	Lin 2026 Table S4D (Lin's calls)
FU_iCCA	663		dong2022_proteomic_lin	Metabolic	Lin 2026 Table S4D (Lin's calls)
FU_iCCA	681		dong2022_proteomic_lin	Metabolic	Lin 2026 Table S4D (Lin's calls)
FU_iCCA	665		dong2022_proteomic_lin	Metabolic	Lin 2026 Table S4D (Lin's calls)
FU_iCCA	575		dong2022_proteomic_lin	Metabolic	Lin 2026 Table S4D (Lin's calls)
FU_iCCA	553		dong2022_proteomic_lin	Metabolic	Lin 2026 Table S4D (Lin's calls)
FU_iCCA	811		dong2022_proteomic_lin	Metabolic	Lin 2026 Table S4D (Lin's calls)
FU_iCCA	173		dong2022_proteomic_lin	Metabolic	Lin 2026 Table S4D (Lin's calls)
FU_iCCA	637		dong2022_proteomic_lin	Metabolic	Lin 2026 Table S4D (Lin's calls)
FU_iCCA	917		dong2022_proteomic_lin	Metabolic	Lin 2026 Table S4D (Lin's calls)
FU_iCCA	971		dong2022_proteomic_lin	Metabolic	Lin 2026 Table S4D (Lin's calls)
FU_iCCA	115		dong2022_proteomic_lin	Differentiated	Lin 2026 Table S4D (Lin's calls)
FU_iCCA	567		dong2022_proteomic_lin	Mesenchymal	Lin 2026 Table S4D (Lin's calls)
FU_iCCA	343		dong2022_proteomic_lin	Inflammatory	Lin 2026 Table S4D (Lin's calls)
FU_iCCA	425		dong2022_proteomic_lin	Inflammatory	Lin 2026 Table S4D (Lin's calls)
FU_iCCA	133		dong2022_proteomic_lin	Mesenchymal	Lin 2026 Table S4D (Lin's calls)
FU_iCCA	627		dong2022_proteomic_lin	Differentiated	Lin 2026 Table S4D (Lin's calls)
FU_iCCA	155		dong2022_proteomic_lin	Metabolic	Lin 2026 Table S4D (Lin's calls)
FU_iCCA	175		dong2022_proteomic_lin	Metabolic	Lin 2026 Table S4D (Lin's calls)
FU_iCCA	451		dong2022_proteomic_lin	Inflammatory	Lin 2026 Table S4D (Lin's calls)
FU_iCCA	165		dong2022_proteomic_lin	Inflammatory	Lin 2026 Table S4D (Lin's calls)
FU_iCCA	185		dong2022_proteomic_lin	Mesenchymal	Lin 2026 Table S4D (Lin's calls)
FU_iCCA	135		dong2022_proteomic_lin	Mesenchymal	Lin 2026 Table S4D (Lin's calls)
FU_iCCA	231		dong2022_proteomic_lin	Mesenchymal	Lin 2026 Table S4D (Lin's calls)
FU_iCCA	395		dong2022_proteomic_lin	Metabolic	Lin 2026 Table S4D (Lin's calls)
FU_iCCA	625		dong2022_proteomic_lin	Differentiated	Lin 2026 Table S4D (Lin's calls)
FU_iCCA	573		dong2022_proteomic_lin	Differentiated	Lin 2026 Table S4D (Lin's calls)
FU_iCCA	951		dong2022_proteomic_lin	Differentiated	Lin 2026 Table S4D (Lin's calls)
FU_iCCA	581		dong2022_proteomic_lin	Differentiated	Lin 2026 Table S4D (Lin's calls)
FU_iCCA	213		dong2022_proteomic_lin	Differentiated	Lin 2026 Table S4D (Lin's calls)
FU_iCCA	363		dong2022_proteomic_lin	Differentiated	Lin 2026 Table S4D (Lin's calls)
FU_iCCA	817		dong2022_proteomic_lin	Differentiated	Lin 2026 Table S4D (Lin's calls)
FU_iCCA	875		dong2022_proteomic_lin	Differentiated	Lin 2026 Table S4D (Lin's calls)
FU_iCCA	393		dong2022_proteomic_lin	Differentiated	Lin 2026 Table S4D (Lin's calls)
FU_iCCA	533		dong2022_proteomic_lin	Differentiated	Lin 2026 Table S4D (Lin's calls)
FU_iCCA	121		dong2022_proteomic_lin	Differentiated	Lin 2026 Table S4D (Lin's calls)
FU_iCCA	911		dong2022_proteomic_lin	Differentiated	Lin 2026 Table S4D (Lin's calls)
FU_iCCA	635		dong2022_proteomic_lin	Differentiated	Lin 2026 Table S4D (Lin's calls)
FU_iCCA	515		dong2022_proteomic_lin	Differentiated	Lin 2026 Table S4D (Lin's calls)
FU_iCCA	641		dong2022_proteomic_lin	Differentiated	Lin 2026 Table S4D (Lin's calls)
FU_iCCA	835		dong2022_proteomic_lin	Differentiated	Lin 2026 Table S4D (Lin's calls)
FU_iCCA	253		dong2022_proteomic_lin	Differentiated	Lin 2026 Table S4D (Lin's calls)
FU_iCCA	323		dong2022_proteomic_lin	Differentiated	Lin 2026 Table S4D (Lin's calls)
FU_iCCA	517		dong2022_proteomic_lin	Differentiated	Lin 2026 Table S4D (Lin's calls)
FU_iCCA	983		dong2022_proteomic_lin	Differentiated	Lin 2026 Table S4D (Lin's calls)
FU_iCCA	543		dong2022_proteomic_lin	Differentiated	Lin 2026 Table S4D (Lin's calls)
FU_iCCA	657		dong2022_proteomic_lin	Differentiated	Lin 2026 Table S4D (Lin's calls)
FU_iCCA	521		dong2022_proteomic_lin	Differentiated	Lin 2026 Table S4D (Lin's calls)
FU_iCCA	585		dong2022_proteomic_lin	Inflammatory	Lin 2026 Table S4D (Lin's calls)
FU_iCCA	523		dong2022_proteomic_lin	Metabolic	Lin 2026 Table S4D (Lin's calls)
FU_iCCA	861		dong2022_proteomic_lin	Metabolic	Lin 2026 Table S4D (Lin's calls)
FU_iCCA	557		dong2022_proteomic_lin	Metabolic	Lin 2026 Table S4D (Lin's calls)
FU_iCCA	223		dong2022_proteomic_lin	Metabolic	Lin 2026 Table S4D (Lin's calls)
FU_iCCA	497		dong2022_proteomic_lin	Metabolic	Lin 2026 Table S4D (Lin's calls)
FU_iCCA	271		dong2022_proteomic_lin	Metabolic	Lin 2026 Table S4D (Lin's calls)
FU_iCCA	447		dong2022_proteomic_lin	Metabolic	Lin 2026 Table S4D (Lin's calls)
FU_iCCA	463		dong2022_proteomic_lin	Metabolic	Lin 2026 Table S4D (Lin's calls)
FU_iCCA	277		dong2022_proteomic_lin	Mesenchymal	Lin 2026 Table S4D (Lin's calls)
FU_iCCA	375		dong2022_proteomic_lin	Mesenchymal	Lin 2026 Table S4D (Lin's calls)
FU_iCCA	977		dong2022_proteomic_lin	Mesenchymal	Lin 2026 Table S4D (Lin's calls)
FU_iCCA	865		dong2022_proteomic_lin	Mesenchymal	Lin 2026 Table S4D (Lin's calls)
FU_iCCA	561		dong2022_proteomic_lin	Mesenchymal	Lin 2026 Table S4D (Lin's calls)
FU_iCCA	247		dong2022_proteomic_lin	Differentiated	Lin 2026 Table S4D (Lin's calls)
FU_iCCA	825		dong2022_proteomic_lin	Differentiated	Lin 2026 Table S4D (Lin's calls)
FU_iCCA	687		dong2022_proteomic_lin	Differentiated	Lin 2026 Table S4D (Lin's calls)
FU_iCCA	311		dong2022_proteomic_lin	Mesenchymal	Lin 2026 Table S4D (Lin's calls)
FU_iCCA	331		dong2022_proteomic_lin	Metabolic	Lin 2026 Table S4D (Lin's calls)
FU_iCCA	477		dong2022_proteomic_lin	Mesenchymal	Lin 2026 Table S4D (Lin's calls)
FU_iCCA	547		dong2022_proteomic_lin	Inflammatory	Lin 2026 Table S4D (Lin's calls)
FU_iCCA	931		dong2022_proteomic_lin	Inflammatory	Lin 2026 Table S4D (Lin's calls)
FU_iCCA	843		dong2022_proteomic_lin	Differentiated	Lin 2026 Table S4D (Lin's calls)
FU_iCCA	683		dong2022_proteomic_lin	Differentiated	Lin 2026 Table S4D (Lin's calls)
FU_iCCA	651		dong2022_proteomic_lin	Mesenchymal	Lin 2026 Table S4D (Lin's calls)
FU_iCCA	857		dong2022_proteomic_lin	Mesenchymal	Lin 2026 Table S4D (Lin's calls)
FU_iCCA	257		dong2022_proteomic_lin	Mesenchymal	Lin 2026 Table S4D (Lin's calls)
FU_iCCA	145		dong2022_proteomic_lin	Mesenchymal	Lin 2026 Table S4D (Lin's calls)
FU_iCCA	273		dong2022_proteomic_lin	Mesenchymal	Lin 2026 Table S4D (Lin's calls)
FU_iCCA	191		dong2022_proteomic_lin	Mesenchymal	Lin 2026 Table S4D (Lin's calls)
FU_iCCA	821		dong2022_proteomic_lin	Mesenchymal	Lin 2026 Table S4D (Lin's calls)
FU_iCCA	927		dong2022_proteomic_lin	Mesenchymal	Lin 2026 Table S4D (Lin's calls)
FU_iCCA	923		dong2022_proteomic_lin	Mesenchymal	Lin 2026 Table S4D (Lin's calls)
FU_iCCA	913		dong2022_proteomic_lin	Differentiated	Lin 2026 Table S4D (Lin's calls)
FU_iCCA	265		dong2022_proteomic_lin	Differentiated	Lin 2026 Table S4D (Lin's calls)
FU_iCCA	183		dong2022_proteomic_lin	Differentiated	Lin 2026 Table S4D (Lin's calls)
FU_iCCA	193		dong2022_proteomic_lin	Differentiated	Lin 2026 Table S4D (Lin's calls)
FU_iCCA	495		dong2022_proteomic_lin	Differentiated	Lin 2026 Table S4D (Lin's calls)
FU_iCCA	457		dong2022_proteomic_lin	Differentiated	Lin 2026 Table S4D (Lin's calls)
FU_iCCA	197		dong2022_proteomic_lin	Differentiated	Lin 2026 Table S4D (Lin's calls)
FU_iCCA	937		dong2022_proteomic_lin	Differentiated	Lin 2026 Table S4D (Lin's calls)
FU_iCCA	433		dong2022_proteomic_lin	Differentiated	Lin 2026 Table S4D (Lin's calls)
FU_iCCA	445		dong2022_proteomic_lin	Differentiated	Lin 2026 Table S4D (Lin's calls)
FU_iCCA	847		dong2022_proteomic_lin	Differentiated	Lin 2026 Table S4D (Lin's calls)
FU_iCCA	535		dong2022_proteomic_lin	Differentiated	Lin 2026 Table S4D (Lin's calls)
FU_iCCA	353		dong2022_proteomic_lin	Differentiated	Lin 2026 Table S4D (Lin's calls)
FU_iCCA	345		dong2022_proteomic_lin	Differentiated	Lin 2026 Table S4D (Lin's calls)
FU_iCCA	263		dong2022_proteomic_lin	Differentiated	Lin 2026 Table S4D (Lin's calls)
FU_iCCA	541		dong2022_proteomic_lin	Metabolic	Lin 2026 Table S4D (Lin's calls)
FU_iCCA	317		dong2022_proteomic_lin	Metabolic	Lin 2026 Table S4D (Lin's calls)
FU_iCCA	925		dong2022_proteomic_lin	Mesenchymal	Lin 2026 Table S4D (Lin's calls)
FU_iCCA	215		dong2022_proteomic_lin	Mesenchymal	Lin 2026 Table S4D (Lin's calls)
FU_iCCA	993		dong2022_proteomic_lin	Mesenchymal	Lin 2026 Table S4D (Lin's calls)
FU_iCCA	545		dong2022_proteomic_lin	Mesenchymal	Lin 2026 Table S4D (Lin's calls)
FU_iCCA	615		dong2022_proteomic_lin	Metabolic	Lin 2026 Table S4D (Lin's calls)
FU_iCCA	877		dong2022_proteomic_lin	Differentiated	Lin 2026 Table S4D (Lin's calls)
FU_iCCA	161		dong2022_proteomic_lin	Differentiated	Lin 2026 Table S4D (Lin's calls)
FU_iCCA	137		dong2022_proteomic_lin	Mesenchymal	Lin 2026 Table S4D (Lin's calls)
FU_iCCA	941		dong2022_proteomic_lin	Inflammatory	Lin 2026 Table S4D (Lin's calls)
FU_iCCA	187		dong2022_proteomic_lin	Inflammatory	Lin 2026 Table S4D (Lin's calls)
FU_iCCA	813		dong2022_proteomic_lin	Inflammatory	Lin 2026 Table S4D (Lin's calls)
FU_iCCA	487		dong2022_proteomic_lin	Inflammatory	Lin 2026 Table S4D (Lin's calls)
FU_iCCA	177		dong2022_proteomic_lin	Inflammatory	Lin 2026 Table S4D (Lin's calls)
FU_iCCA	617		dong2022_proteomic_lin	Mesenchymal	Lin 2026 Table S4D (Lin's calls)
FU_iCCA	563		dong2022_proteomic_lin	Mesenchymal	Lin 2026 Table S4D (Lin's calls)
FU_iCCA	623		dong2022_proteomic_lin	Metabolic	Lin 2026 Table S4D (Lin's calls)
FU_iCCA	845		dong2022_proteomic_lin	Differentiated	Lin 2026 Table S4D (Lin's calls)
FU_iCCA	613		dong2022_proteomic_lin	Differentiated	Lin 2026 Table S4D (Lin's calls)
FU_iCCA	473		dong2022_proteomic_lin	Differentiated	Lin 2026 Table S4D (Lin's calls)
FU_iCCA	975		dong2022_proteomic_lin	Differentiated	Lin 2026 Table S4D (Lin's calls)
FU_iCCA	493		dong2022_proteomic_lin	Differentiated	Lin 2026 Table S4D (Lin's calls)
FU_iCCA	921		dong2022_proteomic_lin	Differentiated	Lin 2026 Table S4D (Lin's calls)
FU_iCCA	551		dong2022_proteomic_lin	Differentiated	Lin 2026 Table S4D (Lin's calls)
FU_iCCA	675		dong2022_proteomic_lin	Differentiated	Lin 2026 Table S4D (Lin's calls)
FU_iCCA	237		dong2022_proteomic_lin	Differentiated	Lin 2026 Table S4D (Lin's calls)
FU_iCCA	411		dong2022_proteomic_lin	Differentiated	Lin 2026 Table S4D (Lin's calls)
FU_iCCA	415		dong2022_proteomic_lin	Differentiated	Lin 2026 Table S4D (Lin's calls)
FU_iCCA	577		dong2022_proteomic_lin	Differentiated	Lin 2026 Table S4D (Lin's calls)
FU_iCCA	361		dong2022_proteomic_lin	Differentiated	Lin 2026 Table S4D (Lin's calls)
FU_iCCA	661		dong2022_proteomic_lin	Differentiated	Lin 2026 Table S4D (Lin's calls)
FU_iCCA	673		dong2022_proteomic_lin	Differentiated	Lin 2026 Table S4D (Lin's calls)
FU_iCCA	947		dong2022_proteomic_lin	Differentiated	Lin 2026 Table S4D (Lin's calls)
FU_iCCA	591		dong2022_proteomic_lin	Differentiated	Lin 2026 Table S4D (Lin's calls)
FU_iCCA	123		dong2022_proteomic_lin	Metabolic	Lin 2026 Table S4D (Lin's calls)
FU_iCCA	327		dong2022_proteomic_lin	Metabolic	Lin 2026 Table S4D (Lin's calls)
FU_iCCA	117		dong2022_proteomic_lin	Metabolic	Lin 2026 Table S4D (Lin's calls)
FU_iCCA	285		dong2022_proteomic_lin	Inflammatory	Lin 2026 Table S4D (Lin's calls)
FU_iCCA	621		dong2022_proteomic_lin	Mesenchymal	Lin 2026 Table S4D (Lin's calls)
FU_iCCA	467		dong2022_proteomic_lin	Mesenchymal	Lin 2026 Table S4D (Lin's calls)
FU_iCCA	531		dong2022_proteomic_lin	Mesenchymal	Lin 2026 Table S4D (Lin's calls)
FU_iCCA	995		dong2022_proteomic_lin	Mesenchymal	Lin 2026 Table S4D (Lin's calls)
FU_iCCA	443		dong2022_proteomic_lin	Mesenchymal	Lin 2026 Table S4D (Lin's calls)
FU_iCCA	313		dong2022_proteomic_lin	Mesenchymal	Lin 2026 Table S4D (Lin's calls)
FU_iCCA	367		dong2022_proteomic_lin	Mesenchymal	Lin 2026 Table S4D (Lin's calls)
FU_iCCA	693		dong2022_proteomic_lin	Differentiated	Lin 2026 Table S4D (Lin's calls)
FU_iCCA	643		dong2022_proteomic_lin	Metabolic	Lin 2026 Table S4D (Lin's calls)
FU_iCCA	347		dong2022_proteomic_lin	Metabolic	Lin 2026 Table S4D (Lin's calls)
FU_iCCA	483		linj2022_immune	IG1	Lin 2026 Table S4D (Lin's calls)
FU_iCCA	391		linj2022_immune	IG1	Lin 2026 Table S4D (Lin's calls)
FU_iCCA	383		linj2022_immune	IG1	Lin 2026 Table S4D (Lin's calls)
FU_iCCA	441		linj2022_immune	IG2	Lin 2026 Table S4D (Lin's calls)
FU_iCCA	953		linj2022_immune	IG1	Lin 2026 Table S4D (Lin's calls)
FU_iCCA	385		linj2022_immune	IG1	Lin 2026 Table S4D (Lin's calls)
FU_iCCA	853		linj2022_immune	IG1	Lin 2026 Table S4D (Lin's calls)
FU_iCCA	225		linj2022_immune	IG1	Lin 2026 Table S4D (Lin's calls)
FU_iCCA	125		linj2022_immune	IG1	Lin 2026 Table S4D (Lin's calls)
FU_iCCA	537		linj2022_immune	IG1	Lin 2026 Table S4D (Lin's calls)
FU_iCCA	275		linj2022_immune	IG2	Lin 2026 Table S4D (Lin's calls)
FU_iCCA	945		linj2022_immune	IG1	Lin 2026 Table S4D (Lin's calls)
FU_iCCA	453		linj2022_immune	IG1	Lin 2026 Table S4D (Lin's calls)
FU_iCCA	397		linj2022_immune	IG1	Lin 2026 Table S4D (Lin's calls)
FU_iCCA	167		linj2022_immune	IG2	Lin 2026 Table S4D (Lin's calls)
FU_iCCA	587		linj2022_immune	IG1	Lin 2026 Table S4D (Lin's calls)
FU_iCCA	351		linj2022_immune	IG1	Lin 2026 Table S4D (Lin's calls)
FU_iCCA	461		linj2022_immune	IG1	Lin 2026 Table S4D (Lin's calls)
FU_iCCA	465		linj2022_immune	IG1	Lin 2026 Table S4D (Lin's calls)
FU_iCCA	243		linj2022_immune	IG1	Lin 2026 Table S4D (Lin's calls)
FU_iCCA	381		linj2022_immune	IG1	Lin 2026 Table S4D (Lin's calls)
FU_iCCA	357		linj2022_immune	IG1	Lin 2026 Table S4D (Lin's calls)
FU_iCCA	235		linj2022_immune	IG1	Lin 2026 Table S4D (Lin's calls)
FU_iCCA	851		linj2022_immune	IG1	Lin 2026 Table S4D (Lin's calls)
FU_iCCA	583		linj2022_immune	IG1	Lin 2026 Table S4D (Lin's calls)
FU_iCCA	341		linj2022_immune	IG1	Lin 2026 Table S4D (Lin's calls)
FU_iCCA	325		linj2022_immune	IG1	Lin 2026 Table S4D (Lin's calls)
FU_iCCA	653		linj2022_immune	IG1	Lin 2026 Table S4D (Lin's calls)
FU_iCCA	647		linj2022_immune	IG1	Lin 2026 Table S4D (Lin's calls)
FU_iCCA	633		linj2022_immune	IG1	Lin 2026 Table S4D (Lin's calls)
FU_iCCA	437		linj2022_immune	IG1	Lin 2026 Table S4D (Lin's calls)
FU_iCCA	217		linj2022_immune	IG1	Lin 2026 Table S4D (Lin's calls)
FU_iCCA	147		linj2022_immune	IG1	Lin 2026 Table S4D (Lin's calls)
FU_iCCA	261		linj2022_immune	IG1	Lin 2026 Table S4D (Lin's calls)
FU_iCCA	387		linj2022_immune	IG1	Lin 2026 Table S4D (Lin's calls)
FU_iCCA	281		linj2022_immune	IG1	Lin 2026 Table S4D (Lin's calls)
FU_iCCA	685		linj2022_immune	IG1	Lin 2026 Table S4D (Lin's calls)
FU_iCCA	961		linj2022_immune	IG1	Lin 2026 Table S4D (Lin's calls)
FU_iCCA	871		linj2022_immune	IG1	Lin 2026 Table S4D (Lin's calls)
FU_iCCA	371		linj2022_immune	IG1	Lin 2026 Table S4D (Lin's calls)
FU_iCCA	827		linj2022_immune	IG1	Lin 2026 Table S4D (Lin's calls)
FU_iCCA	365		linj2022_immune	IG3	Lin 2026 Table S4D (Lin's calls)
FU_iCCA	337		linj2022_immune	IG1	Lin 2026 Table S4D (Lin's calls)
FU_iCCA	141		linj2022_immune	IG1	Lin 2026 Table S4D (Lin's calls)
FU_iCCA	841		linj2022_immune	IG1	Lin 2026 Table S4D (Lin's calls)
FU_iCCA	435		linj2022_immune	IG1	Lin 2026 Table S4D (Lin's calls)
FU_iCCA	833		linj2022_immune	IG1	Lin 2026 Table S4D (Lin's calls)
FU_iCCA	823		linj2022_immune	IG2	Lin 2026 Table S4D (Lin's calls)
FU_iCCA	431		linj2022_immune	IG1	Lin 2026 Table S4D (Lin's calls)
FU_iCCA	195		linj2022_immune	IG1	Lin 2026 Table S4D (Lin's calls)
FU_iCCA	867		linj2022_immune	IG1	Lin 2026 Table S4D (Lin's calls)
FU_iCCA	645		linj2022_immune	IG1	Lin 2026 Table S4D (Lin's calls)
FU_iCCA	881		linj2022_immune	IG2	Lin 2026 Table S4D (Lin's calls)
FU_iCCA	127		linj2022_immune	IG2	Lin 2026 Table S4D (Lin's calls)
FU_iCCA	915		linj2022_immune	IG2	Lin 2026 Table S4D (Lin's calls)
FU_iCCA	491		linj2022_immune	IG1	Lin 2026 Table S4D (Lin's calls)
FU_iCCA	131		linj2022_immune	IG1	Lin 2026 Table S4D (Lin's calls)
FU_iCCA	525		linj2022_immune	IG1	Lin 2026 Table S4D (Lin's calls)
FU_iCCA	373		linj2022_immune	IG1	Lin 2026 Table S4D (Lin's calls)
FU_iCCA	555		linj2022_immune	IG1	Lin 2026 Table S4D (Lin's calls)
FU_iCCA	181		linj2022_immune	IG1	Lin 2026 Table S4D (Lin's calls)
FU_iCCA	863		linj2022_immune	IG1	Lin 2026 Table S4D (Lin's calls)
FU_iCCA	221		linj2022_immune	IG2	Lin 2026 Table S4D (Lin's calls)
FU_iCCA	965		linj2022_immune	IG1	Lin 2026 Table S4D (Lin's calls)
FU_iCCA	973		linj2022_immune	IG2	Lin 2026 Table S4D (Lin's calls)
FU_iCCA	427		linj2022_immune	IG1	Lin 2026 Table S4D (Lin's calls)
FU_iCCA	211		linj2022_immune	IG1	Lin 2026 Table S4D (Lin's calls)
FU_iCCA	151		linj2022_immune	IG1	Lin 2026 Table S4D (Lin's calls)
FU_iCCA	423		linj2022_immune	IG3	Lin 2026 Table S4D (Lin's calls)
FU_iCCA	513		linj2022_immune	IG3	Lin 2026 Table S4D (Lin's calls)
FU_iCCA	157		linj2022_immune	IG2	Lin 2026 Table S4D (Lin's calls)
FU_iCCA	631		linj2022_immune	IG2	Lin 2026 Table S4D (Lin's calls)
FU_iCCA	655		linj2022_immune	IG2	Lin 2026 Table S4D (Lin's calls)
FU_iCCA	981		linj2022_immune	IG2	Lin 2026 Table S4D (Lin's calls)
FU_iCCA	691		linj2022_immune	IG2	Lin 2026 Table S4D (Lin's calls)
FU_iCCA	241		linj2022_immune	IG2	Lin 2026 Table S4D (Lin's calls)
FU_iCCA	565		linj2022_immune	IG2	Lin 2026 Table S4D (Lin's calls)
FU_iCCA	377		linj2022_immune	IG2	Lin 2026 Table S4D (Lin's calls)
FU_iCCA	471		linj2022_immune	IG2	Lin 2026 Table S4D (Lin's calls)
FU_iCCA	485		linj2022_immune	IG2	Lin 2026 Table S4D (Lin's calls)
FU_iCCA	963		linj2022_immune	IG2	Lin 2026 Table S4D (Lin's calls)
FU_iCCA	663		linj2022_immune	IG2	Lin 2026 Table S4D (Lin's calls)
FU_iCCA	681		linj2022_immune	IG3	Lin 2026 Table S4D (Lin's calls)
FU_iCCA	665		linj2022_immune	IG3	Lin 2026 Table S4D (Lin's calls)
FU_iCCA	575		linj2022_immune	IG2	Lin 2026 Table S4D (Lin's calls)
FU_iCCA	553		linj2022_immune	IG2	Lin 2026 Table S4D (Lin's calls)
FU_iCCA	811		linj2022_immune	IG2	Lin 2026 Table S4D (Lin's calls)
FU_iCCA	173		linj2022_immune	IG2	Lin 2026 Table S4D (Lin's calls)
FU_iCCA	637		linj2022_immune	IG2	Lin 2026 Table S4D (Lin's calls)
FU_iCCA	917		linj2022_immune	IG2	Lin 2026 Table S4D (Lin's calls)
FU_iCCA	971		linj2022_immune	IG2	Lin 2026 Table S4D (Lin's calls)
FU_iCCA	115		linj2022_immune	IG3	Lin 2026 Table S4D (Lin's calls)
FU_iCCA	677		linj2022_immune	IG2	Lin 2026 Table S4D (Lin's calls)
FU_iCCA	255		linj2022_immune	IG2	Lin 2026 Table S4D (Lin's calls)
FU_iCCA	111		linj2022_immune	IG2	Lin 2026 Table S4D (Lin's calls)
FU_iCCA	567		linj2022_immune	IG2	Lin 2026 Table S4D (Lin's calls)
FU_iCCA	343		linj2022_immune	IG2	Lin 2026 Table S4D (Lin's calls)
FU_iCCA	425		linj2022_immune	IG2	Lin 2026 Table S4D (Lin's calls)
FU_iCCA	133		linj2022_immune	IG2	Lin 2026 Table S4D (Lin's calls)
FU_iCCA	511		linj2022_immune	IG2	Lin 2026 Table S4D (Lin's calls)
FU_iCCA	627		linj2022_immune	IG2	Lin 2026 Table S4D (Lin's calls)
FU_iCCA	155		linj2022_immune	IG2	Lin 2026 Table S4D (Lin's calls)
FU_iCCA	175		linj2022_immune	IG2	Lin 2026 Table S4D (Lin's calls)
FU_iCCA	233		linj2022_immune	IG3	Lin 2026 Table S4D (Lin's calls)
FU_iCCA	885		linj2022_immune	IG2	Lin 2026 Table S4D (Lin's calls)
FU_iCCA	283		linj2022_immune	IG2	Lin 2026 Table S4D (Lin's calls)
FU_iCCA	451		linj2022_immune	IG2	Lin 2026 Table S4D (Lin's calls)
FU_iCCA	831		linj2022_immune	IG2	Lin 2026 Table S4D (Lin's calls)
FU_iCCA	165		linj2022_immune	IG2	Lin 2026 Table S4D (Lin's calls)
FU_iCCA	185		linj2022_immune	IG3	Lin 2026 Table S4D (Lin's calls)
FU_iCCA	135		linj2022_immune	IG2	Lin 2026 Table S4D (Lin's calls)
FU_iCCA	231		linj2022_immune	IG3	Lin 2026 Table S4D (Lin's calls)
FU_iCCA	395		linj2022_immune	IG3	Lin 2026 Table S4D (Lin's calls)
FU_iCCA	625		linj2022_immune	IG3	Lin 2026 Table S4D (Lin's calls)
FU_iCCA	573		linj2022_immune	IG3	Lin 2026 Table S4D (Lin's calls)
FU_iCCA	951		linj2022_immune	IG2	Lin 2026 Table S4D (Lin's calls)
FU_iCCA	581		linj2022_immune	IG2	Lin 2026 Table S4D (Lin's calls)
FU_iCCA	213		linj2022_immune	IG3	Lin 2026 Table S4D (Lin's calls)
FU_iCCA	363		linj2022_immune	IG3	Lin 2026 Table S4D (Lin's calls)
FU_iCCA	817		linj2022_immune	IG3	Lin 2026 Table S4D (Lin's calls)
FU_iCCA	875		linj2022_immune	IG3	Lin 2026 Table S4D (Lin's calls)
FU_iCCA	393		linj2022_immune	IG3	Lin 2026 Table S4D (Lin's calls)
FU_iCCA	533		linj2022_immune	IG3	Lin 2026 Table S4D (Lin's calls)
FU_iCCA	121		linj2022_immune	IG3	Lin 2026 Table S4D (Lin's calls)
FU_iCCA	911		linj2022_immune	IG3	Lin 2026 Table S4D (Lin's calls)
FU_iCCA	635		linj2022_immune	IG3	Lin 2026 Table S4D (Lin's calls)
FU_iCCA	515		linj2022_immune	IG2	Lin 2026 Table S4D (Lin's calls)
FU_iCCA	641		linj2022_immune	IG3	Lin 2026 Table S4D (Lin's calls)
FU_iCCA	835		linj2022_immune	IG3	Lin 2026 Table S4D (Lin's calls)
FU_iCCA	253		linj2022_immune	IG3	Lin 2026 Table S4D (Lin's calls)
FU_iCCA	113		linj2022_immune	IG2	Lin 2026 Table S4D (Lin's calls)
FU_iCCA	421		linj2022_immune	IG1	Lin 2026 Table S4D (Lin's calls)
FU_iCCA	267		linj2022_immune	IG3	Lin 2026 Table S4D (Lin's calls)
FU_iCCA	323		linj2022_immune	IG2	Lin 2026 Table S4D (Lin's calls)
FU_iCCA	517		linj2022_immune	IG3	Lin 2026 Table S4D (Lin's calls)
FU_iCCA	983		linj2022_immune	IG2	Lin 2026 Table S4D (Lin's calls)
FU_iCCA	543		linj2022_immune	IG3	Lin 2026 Table S4D (Lin's calls)
FU_iCCA	657		linj2022_immune	IG3	Lin 2026 Table S4D (Lin's calls)
FU_iCCA	521		linj2022_immune	IG3	Lin 2026 Table S4D (Lin's calls)
FU_iCCA	987		linj2022_immune	IG2	Lin 2026 Table S4D (Lin's calls)
FU_iCCA	585		linj2022_immune	IG2	Lin 2026 Table S4D (Lin's calls)
FU_iCCA	523		linj2022_immune	IG2	Lin 2026 Table S4D (Lin's calls)
FU_iCCA	861		linj2022_immune	IG3	Lin 2026 Table S4D (Lin's calls)
FU_iCCA	557		linj2022_immune	IG3	Lin 2026 Table S4D (Lin's calls)
FU_iCCA	223		linj2022_immune	IG2	Lin 2026 Table S4D (Lin's calls)
FU_iCCA	497		linj2022_immune	IG3	Lin 2026 Table S4D (Lin's calls)
FU_iCCA	271		linj2022_immune	IG3	Lin 2026 Table S4D (Lin's calls)
FU_iCCA	447		linj2022_immune	IG2	Lin 2026 Table S4D (Lin's calls)
FU_iCCA	463		linj2022_immune	IG3	Lin 2026 Table S4D (Lin's calls)
FU_iCCA	417		linj2022_immune	IG3	Lin 2026 Table S4D (Lin's calls)
FU_iCCA	277		linj2022_immune	IG1	Lin 2026 Table S4D (Lin's calls)
FU_iCCA	375		linj2022_immune	IG3	Lin 2026 Table S4D (Lin's calls)
FU_iCCA	977		linj2022_immune	IG2	Lin 2026 Table S4D (Lin's calls)
FU_iCCA	865		linj2022_immune	IG3	Lin 2026 Table S4D (Lin's calls)
FU_iCCA	561		linj2022_immune	IG3	Lin 2026 Table S4D (Lin's calls)
FU_iCCA	247		linj2022_immune	IG3	Lin 2026 Table S4D (Lin's calls)
FU_iCCA	825		linj2022_immune	IG3	Lin 2026 Table S4D (Lin's calls)
FU_iCCA	687		linj2022_immune	IG3	Lin 2026 Table S4D (Lin's calls)
FU_iCCA	475		linj2022_immune	IG3	Lin 2026 Table S4D (Lin's calls)
FU_iCCA	311		linj2022_immune	IG3	Lin 2026 Table S4D (Lin's calls)
FU_iCCA	331		linj2022_immune	IG3	Lin 2026 Table S4D (Lin's calls)
FU_iCCA	163		linj2022_immune	IG3	Lin 2026 Table S4D (Lin's calls)
FU_iCCA	251		linj2022_immune	IG3	Lin 2026 Table S4D (Lin's calls)
FU_iCCA	477		linj2022_immune	IG3	Lin 2026 Table S4D (Lin's calls)
FU_iCCA	547		linj2022_immune	IG1	Lin 2026 Table S4D (Lin's calls)
FU_iCCA	931		linj2022_immune	IG2	Lin 2026 Table S4D (Lin's calls)
FU_iCCA	843		linj2022_immune	IG3	Lin 2026 Table S4D (Lin's calls)
FU_iCCA	683		linj2022_immune	IG2	Lin 2026 Table S4D (Lin's calls)
FU_iCCA	651		linj2022_immune	IG3	Lin 2026 Table S4D (Lin's calls)
FU_iCCA	455		linj2022_immune	IG1	Lin 2026 Table S4D (Lin's calls)
FU_iCCA	857		linj2022_immune	IG2	Lin 2026 Table S4D (Lin's calls)
FU_iCCA	413		linj2022_immune	IG1	Lin 2026 Table S4D (Lin's calls)
FU_iCCA	257		linj2022_immune	IG3	Lin 2026 Table S4D (Lin's calls)
FU_iCCA	145		linj2022_immune	IG3	Lin 2026 Table S4D (Lin's calls)
FU_iCCA	273		linj2022_immune	IG2	Lin 2026 Table S4D (Lin's calls)
FU_iCCA	191		linj2022_immune	IG2	Lin 2026 Table S4D (Lin's calls)
FU_iCCA	821		linj2022_immune	IG1	Lin 2026 Table S4D (Lin's calls)
FU_iCCA	927		linj2022_immune	IG2	Lin 2026 Table S4D (Lin's calls)
FU_iCCA	923		linj2022_immune	IG2	Lin 2026 Table S4D (Lin's calls)
FU_iCCA	913		linj2022_immune	IG3	Lin 2026 Table S4D (Lin's calls)
FU_iCCA	265		linj2022_immune	IG2	Lin 2026 Table S4D (Lin's calls)
FU_iCCA	183		linj2022_immune	IG2	Lin 2026 Table S4D (Lin's calls)
FU_iCCA	193		linj2022_immune	IG2	Lin 2026 Table S4D (Lin's calls)
FU_iCCA	495		linj2022_immune	IG2	Lin 2026 Table S4D (Lin's calls)
FU_iCCA	457		linj2022_immune	IG3	Lin 2026 Table S4D (Lin's calls)
FU_iCCA	197		linj2022_immune	IG2	Lin 2026 Table S4D (Lin's calls)
FU_iCCA	937		linj2022_immune	IG3	Lin 2026 Table S4D (Lin's calls)
FU_iCCA	433		linj2022_immune	IG3	Lin 2026 Table S4D (Lin's calls)
FU_iCCA	445		linj2022_immune	IG2	Lin 2026 Table S4D (Lin's calls)
FU_iCCA	847		linj2022_immune	IG2	Lin 2026 Table S4D (Lin's calls)
FU_iCCA	535		linj2022_immune	IG2	Lin 2026 Table S4D (Lin's calls)
FU_iCCA	353		linj2022_immune	IG2	Lin 2026 Table S4D (Lin's calls)
FU_iCCA	345		linj2022_immune	IG3	Lin 2026 Table S4D (Lin's calls)
FU_iCCA	245		linj2022_immune	IG2	Lin 2026 Table S4D (Lin's calls)
FU_iCCA	883		linj2022_immune	IG2	Lin 2026 Table S4D (Lin's calls)
FU_iCCA	153		linj2022_immune	IG2	Lin 2026 Table S4D (Lin's calls)
FU_iCCA	335		linj2022_immune	IG2	Lin 2026 Table S4D (Lin's calls)
FU_iCCA	263		linj2022_immune	IG2	Lin 2026 Table S4D (Lin's calls)
FU_iCCA	541		linj2022_immune	IG3	Lin 2026 Table S4D (Lin's calls)
FU_iCCA	317		linj2022_immune	IG2	Lin 2026 Table S4D (Lin's calls)
FU_iCCA	925		linj2022_immune	IG3	Lin 2026 Table S4D (Lin's calls)
FU_iCCA	215		linj2022_immune	IG2	Lin 2026 Table S4D (Lin's calls)
FU_iCCA	993		linj2022_immune	IG2	Lin 2026 Table S4D (Lin's calls)
FU_iCCA	545		linj2022_immune	IG3	Lin 2026 Table S4D (Lin's calls)
FU_iCCA	615		linj2022_immune	IG2	Lin 2026 Table S4D (Lin's calls)
FU_iCCA	877		linj2022_immune	IG2	Lin 2026 Table S4D (Lin's calls)
FU_iCCA	161		linj2022_immune	IG2	Lin 2026 Table S4D (Lin's calls)
FU_iCCA	143		linj2022_immune	IG2	Lin 2026 Table S4D (Lin's calls)
FU_iCCA	137		linj2022_immune	IG3	Lin 2026 Table S4D (Lin's calls)
FU_iCCA	941		linj2022_immune	IG2	Lin 2026 Table S4D (Lin's calls)
FU_iCCA	187		linj2022_immune	IG2	Lin 2026 Table S4D (Lin's calls)
FU_iCCA	813		linj2022_immune	IG2	Lin 2026 Table S4D (Lin's calls)
FU_iCCA	487		linj2022_immune	IG2	Lin 2026 Table S4D (Lin's calls)
FU_iCCA	177		linj2022_immune	IG2	Lin 2026 Table S4D (Lin's calls)
FU_iCCA	617		linj2022_immune	IG3	Lin 2026 Table S4D (Lin's calls)
FU_iCCA	563		linj2022_immune	IG2	Lin 2026 Table S4D (Lin's calls)
FU_iCCA	623		linj2022_immune	IG3	Lin 2026 Table S4D (Lin's calls)
FU_iCCA	845		linj2022_immune	IG2	Lin 2026 Table S4D (Lin's calls)
FU_iCCA	613		linj2022_immune	IG2	Lin 2026 Table S4D (Lin's calls)
FU_iCCA	473		linj2022_immune	IG2	Lin 2026 Table S4D (Lin's calls)
FU_iCCA	975		linj2022_immune	IG2	Lin 2026 Table S4D (Lin's calls)
FU_iCCA	493		linj2022_immune	IG2	Lin 2026 Table S4D (Lin's calls)
FU_iCCA	921		linj2022_immune	IG2	Lin 2026 Table S4D (Lin's calls)
FU_iCCA	551		linj2022_immune	IG3	Lin 2026 Table S4D (Lin's calls)
FU_iCCA	675		linj2022_immune	IG2	Lin 2026 Table S4D (Lin's calls)
FU_iCCA	237		linj2022_immune	IG3	Lin 2026 Table S4D (Lin's calls)
FU_iCCA	411		linj2022_immune	IG3	Lin 2026 Table S4D (Lin's calls)
FU_iCCA	415		linj2022_immune	IG3	Lin 2026 Table S4D (Lin's calls)
FU_iCCA	577		linj2022_immune	IG2	Lin 2026 Table S4D (Lin's calls)
FU_iCCA	361		linj2022_immune	IG3	Lin 2026 Table S4D (Lin's calls)
FU_iCCA	661		linj2022_immune	IG3	Lin 2026 Table S4D (Lin's calls)
FU_iCCA	673		linj2022_immune	IG3	Lin 2026 Table S4D (Lin's calls)
FU_iCCA	947		linj2022_immune	IG3	Lin 2026 Table S4D (Lin's calls)
FU_iCCA	957		linj2022_immune	IG2	Lin 2026 Table S4D (Lin's calls)
FU_iCCA	355		linj2022_immune	IG3	Lin 2026 Table S4D (Lin's calls)
FU_iCCA	591		linj2022_immune	IG3	Lin 2026 Table S4D (Lin's calls)
FU_iCCA	123		linj2022_immune	IG2	Lin 2026 Table S4D (Lin's calls)
FU_iCCA	327		linj2022_immune	IG3	Lin 2026 Table S4D (Lin's calls)
FU_iCCA	117		linj2022_immune	IG3	Lin 2026 Table S4D (Lin's calls)
FU_iCCA	285		linj2022_immune	IG2	Lin 2026 Table S4D (Lin's calls)
FU_iCCA	621		linj2022_immune	IG2	Lin 2026 Table S4D (Lin's calls)
FU_iCCA	467		linj2022_immune	IG3	Lin 2026 Table S4D (Lin's calls)
FU_iCCA	531		linj2022_immune	IG3	Lin 2026 Table S4D (Lin's calls)
FU_iCCA	995		linj2022_immune	IG2	Lin 2026 Table S4D (Lin's calls)
FU_iCCA	443		linj2022_immune	IG2	Lin 2026 Table S4D (Lin's calls)
FU_iCCA	313		linj2022_immune	IG3	Lin 2026 Table S4D (Lin's calls)
FU_iCCA	367		linj2022_immune	IG3	Lin 2026 Table S4D (Lin's calls)
FU_iCCA	693		linj2022_immune	IG3	Lin 2026 Table S4D (Lin's calls)
FU_iCCA	667		linj2022_immune	IG2	Lin 2026 Table S4D (Lin's calls)
FU_iCCA	611		linj2022_immune	IG2	Lin 2026 Table S4D (Lin's calls)
FU_iCCA	171		linj2022_immune	IG2	Lin 2026 Table S4D (Lin's calls)
FU_iCCA	855		linj2022_immune	IG3	Lin 2026 Table S4D (Lin's calls)
FU_iCCA	571		linj2022_immune	IG2	Lin 2026 Table S4D (Lin's calls)
FU_iCCA	643		linj2022_immune	IG3	Lin 2026 Table S4D (Lin's calls)
FU_iCCA	347		linj2022_immune	IG3	Lin 2026 Table S4D (Lin's calls)
FU_iCCA	483		job2020	I3	Lin 2026 Table S4D (Lin's calls)
FU_iCCA	391		job2020	I2	Lin 2026 Table S4D (Lin's calls)
FU_iCCA	383		job2020	I1	Lin 2026 Table S4D (Lin's calls)
FU_iCCA	441		job2020	I1	Lin 2026 Table S4D (Lin's calls)
FU_iCCA	953		job2020	I1	Lin 2026 Table S4D (Lin's calls)
FU_iCCA	385		job2020	I3	Lin 2026 Table S4D (Lin's calls)
FU_iCCA	853		job2020	I1	Lin 2026 Table S4D (Lin's calls)
FU_iCCA	225		job2020	I1	Lin 2026 Table S4D (Lin's calls)
FU_iCCA	125		job2020	I3	Lin 2026 Table S4D (Lin's calls)
FU_iCCA	537		job2020	I1	Lin 2026 Table S4D (Lin's calls)
FU_iCCA	275		job2020	I4	Lin 2026 Table S4D (Lin's calls)
FU_iCCA	945		job2020	I1	Lin 2026 Table S4D (Lin's calls)
FU_iCCA	453		job2020	I3	Lin 2026 Table S4D (Lin's calls)
FU_iCCA	397		job2020	I1	Lin 2026 Table S4D (Lin's calls)
FU_iCCA	167		job2020	I3	Lin 2026 Table S4D (Lin's calls)
FU_iCCA	587		job2020	I4	Lin 2026 Table S4D (Lin's calls)
FU_iCCA	351		job2020	I3	Lin 2026 Table S4D (Lin's calls)
FU_iCCA	461		job2020	I3	Lin 2026 Table S4D (Lin's calls)
FU_iCCA	465		job2020	I4	Lin 2026 Table S4D (Lin's calls)
FU_iCCA	243		job2020	I3	Lin 2026 Table S4D (Lin's calls)
FU_iCCA	381		job2020	I4	Lin 2026 Table S4D (Lin's calls)
FU_iCCA	357		job2020	I4	Lin 2026 Table S4D (Lin's calls)
FU_iCCA	235		job2020	I4	Lin 2026 Table S4D (Lin's calls)
FU_iCCA	851		job2020	I1	Lin 2026 Table S4D (Lin's calls)
FU_iCCA	583		job2020	I1	Lin 2026 Table S4D (Lin's calls)
FU_iCCA	341		job2020	I3	Lin 2026 Table S4D (Lin's calls)
FU_iCCA	325		job2020	I4	Lin 2026 Table S4D (Lin's calls)
FU_iCCA	653		job2020	I1	Lin 2026 Table S4D (Lin's calls)
FU_iCCA	647		job2020	I3	Lin 2026 Table S4D (Lin's calls)
FU_iCCA	633		job2020	I2	Lin 2026 Table S4D (Lin's calls)
FU_iCCA	437		job2020	I4	Lin 2026 Table S4D (Lin's calls)
FU_iCCA	217		job2020	I4	Lin 2026 Table S4D (Lin's calls)
FU_iCCA	147		job2020	I4	Lin 2026 Table S4D (Lin's calls)
FU_iCCA	261		job2020	I4	Lin 2026 Table S4D (Lin's calls)
FU_iCCA	387		job2020	I1	Lin 2026 Table S4D (Lin's calls)
FU_iCCA	281		job2020	I4	Lin 2026 Table S4D (Lin's calls)
FU_iCCA	685		job2020	I4	Lin 2026 Table S4D (Lin's calls)
FU_iCCA	961		job2020	I4	Lin 2026 Table S4D (Lin's calls)
FU_iCCA	871		job2020	I3	Lin 2026 Table S4D (Lin's calls)
FU_iCCA	371		job2020	I4	Lin 2026 Table S4D (Lin's calls)
FU_iCCA	827		job2020	I4	Lin 2026 Table S4D (Lin's calls)
FU_iCCA	365		job2020	I2	Lin 2026 Table S4D (Lin's calls)
FU_iCCA	337		job2020	I3	Lin 2026 Table S4D (Lin's calls)
FU_iCCA	141		job2020	I4	Lin 2026 Table S4D (Lin's calls)
FU_iCCA	841		job2020	I4	Lin 2026 Table S4D (Lin's calls)
FU_iCCA	435		job2020	I3	Lin 2026 Table S4D (Lin's calls)
FU_iCCA	833		job2020	I3	Lin 2026 Table S4D (Lin's calls)
FU_iCCA	823		job2020	I3	Lin 2026 Table S4D (Lin's calls)
FU_iCCA	431		job2020	I3	Lin 2026 Table S4D (Lin's calls)
FU_iCCA	195		job2020	I1	Lin 2026 Table S4D (Lin's calls)
FU_iCCA	867		job2020	I2	Lin 2026 Table S4D (Lin's calls)
FU_iCCA	645		job2020	I4	Lin 2026 Table S4D (Lin's calls)
FU_iCCA	881		job2020	I3	Lin 2026 Table S4D (Lin's calls)
FU_iCCA	127		job2020	I2	Lin 2026 Table S4D (Lin's calls)
FU_iCCA	915		job2020	I2	Lin 2026 Table S4D (Lin's calls)
FU_iCCA	491		job2020	I4	Lin 2026 Table S4D (Lin's calls)
FU_iCCA	131		job2020	I3	Lin 2026 Table S4D (Lin's calls)
FU_iCCA	525		job2020	I3	Lin 2026 Table S4D (Lin's calls)
FU_iCCA	373		job2020	I3	Lin 2026 Table S4D (Lin's calls)
FU_iCCA	555		job2020	I1	Lin 2026 Table S4D (Lin's calls)
FU_iCCA	181		job2020	I1	Lin 2026 Table S4D (Lin's calls)
FU_iCCA	863		job2020	I2	Lin 2026 Table S4D (Lin's calls)
FU_iCCA	221		job2020	I1	Lin 2026 Table S4D (Lin's calls)
FU_iCCA	965		job2020	I3	Lin 2026 Table S4D (Lin's calls)
FU_iCCA	973		job2020	I3	Lin 2026 Table S4D (Lin's calls)
FU_iCCA	427		job2020	I2	Lin 2026 Table S4D (Lin's calls)
FU_iCCA	211		job2020	I2	Lin 2026 Table S4D (Lin's calls)
FU_iCCA	151		job2020	I2	Lin 2026 Table S4D (Lin's calls)
FU_iCCA	423		job2020	I2	Lin 2026 Table S4D (Lin's calls)
FU_iCCA	513		job2020	I2	Lin 2026 Table S4D (Lin's calls)
FU_iCCA	157		job2020	I3	Lin 2026 Table S4D (Lin's calls)
FU_iCCA	631		job2020	I1	Lin 2026 Table S4D (Lin's calls)
FU_iCCA	655		job2020	I2	Lin 2026 Table S4D (Lin's calls)
FU_iCCA	981		job2020	I1	Lin 2026 Table S4D (Lin's calls)
FU_iCCA	691		job2020	I3	Lin 2026 Table S4D (Lin's calls)
FU_iCCA	241		job2020	I2	Lin 2026 Table S4D (Lin's calls)
FU_iCCA	565		job2020	I1	Lin 2026 Table S4D (Lin's calls)
FU_iCCA	377		job2020	I3	Lin 2026 Table S4D (Lin's calls)
FU_iCCA	471		job2020	I1	Lin 2026 Table S4D (Lin's calls)
FU_iCCA	485		job2020	I1	Lin 2026 Table S4D (Lin's calls)
FU_iCCA	963		job2020	I1	Lin 2026 Table S4D (Lin's calls)
FU_iCCA	663		job2020	I1	Lin 2026 Table S4D (Lin's calls)
FU_iCCA	681		job2020	I4	Lin 2026 Table S4D (Lin's calls)
FU_iCCA	665		job2020	I3	Lin 2026 Table S4D (Lin's calls)
FU_iCCA	575		job2020	I3	Lin 2026 Table S4D (Lin's calls)
FU_iCCA	553		job2020	I1	Lin 2026 Table S4D (Lin's calls)
FU_iCCA	811		job2020	I3	Lin 2026 Table S4D (Lin's calls)
FU_iCCA	173		job2020	I3	Lin 2026 Table S4D (Lin's calls)
FU_iCCA	637		job2020	I3	Lin 2026 Table S4D (Lin's calls)
FU_iCCA	917		job2020	I2	Lin 2026 Table S4D (Lin's calls)
FU_iCCA	971		job2020	I2	Lin 2026 Table S4D (Lin's calls)
FU_iCCA	115		job2020	I1	Lin 2026 Table S4D (Lin's calls)
FU_iCCA	677		job2020	I1	Lin 2026 Table S4D (Lin's calls)
FU_iCCA	255		job2020	I1	Lin 2026 Table S4D (Lin's calls)
FU_iCCA	111		job2020	I1	Lin 2026 Table S4D (Lin's calls)
FU_iCCA	567		job2020	I4	Lin 2026 Table S4D (Lin's calls)
FU_iCCA	343		job2020	I3	Lin 2026 Table S4D (Lin's calls)
FU_iCCA	425		job2020	I2	Lin 2026 Table S4D (Lin's calls)
FU_iCCA	133		job2020	I2	Lin 2026 Table S4D (Lin's calls)
FU_iCCA	511		job2020	I2	Lin 2026 Table S4D (Lin's calls)
FU_iCCA	627		job2020	I3	Lin 2026 Table S4D (Lin's calls)
FU_iCCA	155		job2020	I3	Lin 2026 Table S4D (Lin's calls)
FU_iCCA	175		job2020	I1	Lin 2026 Table S4D (Lin's calls)
FU_iCCA	233		job2020	I2	Lin 2026 Table S4D (Lin's calls)
FU_iCCA	885		job2020	I3	Lin 2026 Table S4D (Lin's calls)
FU_iCCA	283		job2020	I3	Lin 2026 Table S4D (Lin's calls)
FU_iCCA	451		job2020	I3	Lin 2026 Table S4D (Lin's calls)
FU_iCCA	831		job2020	I2	Lin 2026 Table S4D (Lin's calls)
FU_iCCA	165		job2020	I3	Lin 2026 Table S4D (Lin's calls)
FU_iCCA	185		job2020	I4	Lin 2026 Table S4D (Lin's calls)
FU_iCCA	135		job2020	I4	Lin 2026 Table S4D (Lin's calls)
FU_iCCA	231		job2020	I3	Lin 2026 Table S4D (Lin's calls)
FU_iCCA	395		job2020	I1	Lin 2026 Table S4D (Lin's calls)
FU_iCCA	625		job2020	I4	Lin 2026 Table S4D (Lin's calls)
FU_iCCA	573		job2020	I3	Lin 2026 Table S4D (Lin's calls)
FU_iCCA	951		job2020	I1	Lin 2026 Table S4D (Lin's calls)
FU_iCCA	581		job2020	I1	Lin 2026 Table S4D (Lin's calls)
FU_iCCA	213		job2020	I2	Lin 2026 Table S4D (Lin's calls)
FU_iCCA	363		job2020	I2	Lin 2026 Table S4D (Lin's calls)
FU_iCCA	817		job2020	I3	Lin 2026 Table S4D (Lin's calls)
FU_iCCA	875		job2020	I3	Lin 2026 Table S4D (Lin's calls)
FU_iCCA	393		job2020	I3	Lin 2026 Table S4D (Lin's calls)
FU_iCCA	533		job2020	I2	Lin 2026 Table S4D (Lin's calls)
FU_iCCA	121		job2020	I4	Lin 2026 Table S4D (Lin's calls)
FU_iCCA	911		job2020	I4	Lin 2026 Table S4D (Lin's calls)
FU_iCCA	635		job2020	I4	Lin 2026 Table S4D (Lin's calls)
FU_iCCA	515		job2020	I4	Lin 2026 Table S4D (Lin's calls)
FU_iCCA	641		job2020	I3	Lin 2026 Table S4D (Lin's calls)
FU_iCCA	835		job2020	I3	Lin 2026 Table S4D (Lin's calls)
FU_iCCA	253		job2020	I3	Lin 2026 Table S4D (Lin's calls)
FU_iCCA	113		job2020	I1	Lin 2026 Table S4D (Lin's calls)
FU_iCCA	421		job2020	I3	Lin 2026 Table S4D (Lin's calls)
FU_iCCA	267		job2020	I1	Lin 2026 Table S4D (Lin's calls)
FU_iCCA	323		job2020	I3	Lin 2026 Table S4D (Lin's calls)
FU_iCCA	517		job2020	I4	Lin 2026 Table S4D (Lin's calls)
FU_iCCA	983		job2020	I1	Lin 2026 Table S4D (Lin's calls)
FU_iCCA	543		job2020	I3	Lin 2026 Table S4D (Lin's calls)
FU_iCCA	657		job2020	I3	Lin 2026 Table S4D (Lin's calls)
FU_iCCA	521		job2020	I3	Lin 2026 Table S4D (Lin's calls)
FU_iCCA	987		job2020	I1	Lin 2026 Table S4D (Lin's calls)
FU_iCCA	585		job2020	I2	Lin 2026 Table S4D (Lin's calls)
FU_iCCA	523		job2020	I3	Lin 2026 Table S4D (Lin's calls)
FU_iCCA	861		job2020	I1	Lin 2026 Table S4D (Lin's calls)
FU_iCCA	557		job2020	I2	Lin 2026 Table S4D (Lin's calls)
FU_iCCA	223		job2020	I4	Lin 2026 Table S4D (Lin's calls)
FU_iCCA	497		job2020	I2	Lin 2026 Table S4D (Lin's calls)
FU_iCCA	271		job2020	I2	Lin 2026 Table S4D (Lin's calls)
FU_iCCA	447		job2020	I4	Lin 2026 Table S4D (Lin's calls)
FU_iCCA	463		job2020	I2	Lin 2026 Table S4D (Lin's calls)
FU_iCCA	417		job2020	I3	Lin 2026 Table S4D (Lin's calls)
FU_iCCA	277		job2020	I4	Lin 2026 Table S4D (Lin's calls)
FU_iCCA	375		job2020	I2	Lin 2026 Table S4D (Lin's calls)
FU_iCCA	977		job2020	I1	Lin 2026 Table S4D (Lin's calls)
FU_iCCA	865		job2020	I2	Lin 2026 Table S4D (Lin's calls)
FU_iCCA	561		job2020	I2	Lin 2026 Table S4D (Lin's calls)
FU_iCCA	247		job2020	I2	Lin 2026 Table S4D (Lin's calls)
FU_iCCA	825		job2020	I3	Lin 2026 Table S4D (Lin's calls)
FU_iCCA	687		job2020	I4	Lin 2026 Table S4D (Lin's calls)
FU_iCCA	475		job2020	I3	Lin 2026 Table S4D (Lin's calls)
FU_iCCA	311		job2020	I3	Lin 2026 Table S4D (Lin's calls)
FU_iCCA	331		job2020	I2	Lin 2026 Table S4D (Lin's calls)
FU_iCCA	163		job2020	I2	Lin 2026 Table S4D (Lin's calls)
FU_iCCA	251		job2020	I2	Lin 2026 Table S4D (Lin's calls)
FU_iCCA	477		job2020	I2	Lin 2026 Table S4D (Lin's calls)
FU_iCCA	547		job2020	I3	Lin 2026 Table S4D (Lin's calls)
FU_iCCA	931		job2020	I1	Lin 2026 Table S4D (Lin's calls)
FU_iCCA	843		job2020	I3	Lin 2026 Table S4D (Lin's calls)
FU_iCCA	683		job2020	I3	Lin 2026 Table S4D (Lin's calls)
FU_iCCA	651		job2020	I3	Lin 2026 Table S4D (Lin's calls)
FU_iCCA	455		job2020	I2	Lin 2026 Table S4D (Lin's calls)
FU_iCCA	857		job2020	I3	Lin 2026 Table S4D (Lin's calls)
FU_iCCA	413		job2020	I3	Lin 2026 Table S4D (Lin's calls)
FU_iCCA	257		job2020	I2	Lin 2026 Table S4D (Lin's calls)
FU_iCCA	145		job2020	I4	Lin 2026 Table S4D (Lin's calls)
FU_iCCA	273		job2020	I4	Lin 2026 Table S4D (Lin's calls)
FU_iCCA	191		job2020	I1	Lin 2026 Table S4D (Lin's calls)
FU_iCCA	821		job2020	I3	Lin 2026 Table S4D (Lin's calls)
FU_iCCA	927		job2020	I4	Lin 2026 Table S4D (Lin's calls)
FU_iCCA	923		job2020	I3	Lin 2026 Table S4D (Lin's calls)
FU_iCCA	913		job2020	I3	Lin 2026 Table S4D (Lin's calls)
FU_iCCA	265		job2020	I1	Lin 2026 Table S4D (Lin's calls)
FU_iCCA	183		job2020	I1	Lin 2026 Table S4D (Lin's calls)
FU_iCCA	193		job2020	I4	Lin 2026 Table S4D (Lin's calls)
FU_iCCA	495		job2020	I1	Lin 2026 Table S4D (Lin's calls)
FU_iCCA	457		job2020	I3	Lin 2026 Table S4D (Lin's calls)
FU_iCCA	197		job2020	I2	Lin 2026 Table S4D (Lin's calls)
FU_iCCA	937		job2020	I1	Lin 2026 Table S4D (Lin's calls)
FU_iCCA	433		job2020	I1	Lin 2026 Table S4D (Lin's calls)
FU_iCCA	445		job2020	I3	Lin 2026 Table S4D (Lin's calls)
FU_iCCA	847		job2020	I4	Lin 2026 Table S4D (Lin's calls)
FU_iCCA	535		job2020	I4	Lin 2026 Table S4D (Lin's calls)
FU_iCCA	353		job2020	I4	Lin 2026 Table S4D (Lin's calls)
FU_iCCA	345		job2020	I3	Lin 2026 Table S4D (Lin's calls)
FU_iCCA	245		job2020	I1	Lin 2026 Table S4D (Lin's calls)
FU_iCCA	883		job2020	I1	Lin 2026 Table S4D (Lin's calls)
FU_iCCA	153		job2020	I1	Lin 2026 Table S4D (Lin's calls)
FU_iCCA	335		job2020	I4	Lin 2026 Table S4D (Lin's calls)
FU_iCCA	263		job2020	I1	Lin 2026 Table S4D (Lin's calls)
FU_iCCA	541		job2020	I2	Lin 2026 Table S4D (Lin's calls)
FU_iCCA	317		job2020	I4	Lin 2026 Table S4D (Lin's calls)
FU_iCCA	925		job2020	I3	Lin 2026 Table S4D (Lin's calls)
FU_iCCA	215		job2020	I4	Lin 2026 Table S4D (Lin's calls)
FU_iCCA	993		job2020	I4	Lin 2026 Table S4D (Lin's calls)
FU_iCCA	545		job2020	I4	Lin 2026 Table S4D (Lin's calls)
FU_iCCA	615		job2020	I2	Lin 2026 Table S4D (Lin's calls)
FU_iCCA	877		job2020	I2	Lin 2026 Table S4D (Lin's calls)
FU_iCCA	161		job2020	I2	Lin 2026 Table S4D (Lin's calls)
FU_iCCA	143		job2020	I3	Lin 2026 Table S4D (Lin's calls)
FU_iCCA	137		job2020	I4	Lin 2026 Table S4D (Lin's calls)
FU_iCCA	941		job2020	I2	Lin 2026 Table S4D (Lin's calls)
FU_iCCA	187		job2020	I3	Lin 2026 Table S4D (Lin's calls)
FU_iCCA	813		job2020	I4	Lin 2026 Table S4D (Lin's calls)
FU_iCCA	487		job2020	I2	Lin 2026 Table S4D (Lin's calls)
FU_iCCA	177		job2020	I3	Lin 2026 Table S4D (Lin's calls)
FU_iCCA	617		job2020	I4	Lin 2026 Table S4D (Lin's calls)
FU_iCCA	563		job2020	I4	Lin 2026 Table S4D (Lin's calls)
FU_iCCA	623		job2020	I1	Lin 2026 Table S4D (Lin's calls)
FU_iCCA	845		job2020	I3	Lin 2026 Table S4D (Lin's calls)
FU_iCCA	613		job2020	I1	Lin 2026 Table S4D (Lin's calls)
FU_iCCA	473		job2020	I1	Lin 2026 Table S4D (Lin's calls)
FU_iCCA	975		job2020	I3	Lin 2026 Table S4D (Lin's calls)
FU_iCCA	493		job2020	I1	Lin 2026 Table S4D (Lin's calls)
FU_iCCA	921		job2020	I3	Lin 2026 Table S4D (Lin's calls)
FU_iCCA	551		job2020	I4	Lin 2026 Table S4D (Lin's calls)
FU_iCCA	675		job2020	I1	Lin 2026 Table S4D (Lin's calls)
FU_iCCA	237		job2020	I1	Lin 2026 Table S4D (Lin's calls)
FU_iCCA	411		job2020	I3	Lin 2026 Table S4D (Lin's calls)
FU_iCCA	415		job2020	I1	Lin 2026 Table S4D (Lin's calls)
FU_iCCA	577		job2020	I1	Lin 2026 Table S4D (Lin's calls)
FU_iCCA	361		job2020	I4	Lin 2026 Table S4D (Lin's calls)
FU_iCCA	661		job2020	I3	Lin 2026 Table S4D (Lin's calls)
FU_iCCA	673		job2020	I2	Lin 2026 Table S4D (Lin's calls)
FU_iCCA	947		job2020	I3	Lin 2026 Table S4D (Lin's calls)
FU_iCCA	957		job2020	I1	Lin 2026 Table S4D (Lin's calls)
FU_iCCA	355		job2020	I4	Lin 2026 Table S4D (Lin's calls)
FU_iCCA	591		job2020	I1	Lin 2026 Table S4D (Lin's calls)
FU_iCCA	123		job2020	I3	Lin 2026 Table S4D (Lin's calls)
FU_iCCA	327		job2020	I1	Lin 2026 Table S4D (Lin's calls)
FU_iCCA	117		job2020	I1	Lin 2026 Table S4D (Lin's calls)
FU_iCCA	285		job2020	I2	Lin 2026 Table S4D (Lin's calls)
FU_iCCA	621		job2020	I4	Lin 2026 Table S4D (Lin's calls)
FU_iCCA	467		job2020	I3	Lin 2026 Table S4D (Lin's calls)
FU_iCCA	531		job2020	I2	Lin 2026 Table S4D (Lin's calls)
FU_iCCA	995		job2020	I4	Lin 2026 Table S4D (Lin's calls)
FU_iCCA	443		job2020	I1	Lin 2026 Table S4D (Lin's calls)
FU_iCCA	313		job2020	I3	Lin 2026 Table S4D (Lin's calls)
FU_iCCA	367		job2020	I2	Lin 2026 Table S4D (Lin's calls)
FU_iCCA	693		job2020	I2	Lin 2026 Table S4D (Lin's calls)
FU_iCCA	667		job2020	I4	Lin 2026 Table S4D (Lin's calls)
FU_iCCA	611		job2020	I4	Lin 2026 Table S4D (Lin's calls)
FU_iCCA	171		job2020	I4	Lin 2026 Table S4D (Lin's calls)
FU_iCCA	855		job2020	I4	Lin 2026 Table S4D (Lin's calls)
FU_iCCA	571		job2020	I3	Lin 2026 Table S4D (Lin's calls)
FU_iCCA	643		job2020	I2	Lin 2026 Table S4D (Lin's calls)
FU_iCCA	347		job2020	I2	Lin 2026 Table S4D (Lin's calls)
FU_iCCA	483		stim	INFLAMMATORY_STROMA	Lin 2026 Table S4D (Lin's calls)
FU_iCCA	391		stim	TUMOUR_CLASSICAL	Lin 2026 Table S4D (Lin's calls)
FU_iCCA	383		stim	TUMOUR_CLASSICAL	Lin 2026 Table S4D (Lin's calls)
FU_iCCA	441		stim	TUMOUR_CLASSICAL	Lin 2026 Table S4D (Lin's calls)
FU_iCCA	953		stim	TUMOUR_CLASSICAL	Lin 2026 Table S4D (Lin's calls)
FU_iCCA	385		stim	TUMOUR_CLASSICAL	Lin 2026 Table S4D (Lin's calls)
FU_iCCA	853		stim	TUMOUR_CLASSICAL	Lin 2026 Table S4D (Lin's calls)
FU_iCCA	225		stim	TUMOUR_CLASSICAL	Lin 2026 Table S4D (Lin's calls)
FU_iCCA	125		stim	INFLAMMATORY_STROMA	Lin 2026 Table S4D (Lin's calls)
FU_iCCA	537		stim	TUMOUR_CLASSICAL	Lin 2026 Table S4D (Lin's calls)
FU_iCCA	275		stim	TUMOUR_CLASSICAL	Lin 2026 Table S4D (Lin's calls)
FU_iCCA	945		stim	INFLAMMATORY_STROMA	Lin 2026 Table S4D (Lin's calls)
FU_iCCA	453		stim	TUMOUR_CLASSICAL	Lin 2026 Table S4D (Lin's calls)
FU_iCCA	397		stim	IMMUNE_CLASSICAL	Lin 2026 Table S4D (Lin's calls)
FU_iCCA	167		stim	TUMOUR_CLASSICAL	Lin 2026 Table S4D (Lin's calls)
FU_iCCA	587		stim	TUMOUR_CLASSICAL	Lin 2026 Table S4D (Lin's calls)
FU_iCCA	351		stim	TUMOUR_CLASSICAL	Lin 2026 Table S4D (Lin's calls)
FU_iCCA	461		stim	INFLAMMATORY_STROMA	Lin 2026 Table S4D (Lin's calls)
FU_iCCA	465		stim	INFLAMMATORY_STROMA	Lin 2026 Table S4D (Lin's calls)
FU_iCCA	243		stim	DESERT_LIKE	Lin 2026 Table S4D (Lin's calls)
FU_iCCA	381		stim	TUMOUR_CLASSICAL	Lin 2026 Table S4D (Lin's calls)
FU_iCCA	357		stim	TUMOUR_CLASSICAL	Lin 2026 Table S4D (Lin's calls)
FU_iCCA	235		stim	TUMOUR_CLASSICAL	Lin 2026 Table S4D (Lin's calls)
FU_iCCA	851		stim	TUMOUR_CLASSICAL	Lin 2026 Table S4D (Lin's calls)
FU_iCCA	583		stim	TUMOUR_CLASSICAL	Lin 2026 Table S4D (Lin's calls)
FU_iCCA	341		stim	INFLAMMATORY_STROMA	Lin 2026 Table S4D (Lin's calls)
FU_iCCA	325		stim	INFLAMMATORY_STROMA	Lin 2026 Table S4D (Lin's calls)
FU_iCCA	653		stim	TUMOUR_CLASSICAL	Lin 2026 Table S4D (Lin's calls)
FU_iCCA	647		stim	INFLAMMATORY_STROMA	Lin 2026 Table S4D (Lin's calls)
FU_iCCA	633		stim	TUMOUR_CLASSICAL	Lin 2026 Table S4D (Lin's calls)
FU_iCCA	437		stim	TUMOUR_CLASSICAL	Lin 2026 Table S4D (Lin's calls)
FU_iCCA	217		stim	DESERT_LIKE	Lin 2026 Table S4D (Lin's calls)
FU_iCCA	147		stim	TUMOUR_CLASSICAL	Lin 2026 Table S4D (Lin's calls)
FU_iCCA	261		stim	INFLAMMATORY_STROMA	Lin 2026 Table S4D (Lin's calls)
FU_iCCA	387		stim	TUMOUR_CLASSICAL	Lin 2026 Table S4D (Lin's calls)
FU_iCCA	281		stim	TUMOUR_CLASSICAL	Lin 2026 Table S4D (Lin's calls)
FU_iCCA	685		stim	TUMOUR_CLASSICAL	Lin 2026 Table S4D (Lin's calls)
FU_iCCA	961		stim	DESERT_LIKE	Lin 2026 Table S4D (Lin's calls)
FU_iCCA	871		stim	DESERT_LIKE	Lin 2026 Table S4D (Lin's calls)
FU_iCCA	371		stim	INFLAMMATORY_STROMA	Lin 2026 Table S4D (Lin's calls)
FU_iCCA	827		stim	TUMOUR_CLASSICAL	Lin 2026 Table S4D (Lin's calls)
FU_iCCA	365		stim	INFLAMMATORY_STROMA	Lin 2026 Table S4D (Lin's calls)
FU_iCCA	337		stim	INFLAMMATORY_STROMA	Lin 2026 Table S4D (Lin's calls)
FU_iCCA	141		stim	INFLAMMATORY_STROMA	Lin 2026 Table S4D (Lin's calls)
FU_iCCA	841		stim	TUMOUR_CLASSICAL	Lin 2026 Table S4D (Lin's calls)
FU_iCCA	435		stim	INFLAMMATORY_STROMA	Lin 2026 Table S4D (Lin's calls)
FU_iCCA	833		stim	INFLAMMATORY_STROMA	Lin 2026 Table S4D (Lin's calls)
FU_iCCA	823		stim	INFLAMMATORY_STROMA	Lin 2026 Table S4D (Lin's calls)
FU_iCCA	431		stim	DESERT_LIKE	Lin 2026 Table S4D (Lin's calls)
FU_iCCA	195		stim	TUMOUR_CLASSICAL	Lin 2026 Table S4D (Lin's calls)
FU_iCCA	867		stim	INFLAMMATORY_STROMA	Lin 2026 Table S4D (Lin's calls)
FU_iCCA	645		stim	TUMOUR_CLASSICAL	Lin 2026 Table S4D (Lin's calls)
FU_iCCA	881		stim	DESERT_LIKE	Lin 2026 Table S4D (Lin's calls)
FU_iCCA	127		stim	INFLAMMATORY_STROMA	Lin 2026 Table S4D (Lin's calls)
FU_iCCA	915		stim	INFLAMMATORY_STROMA	Lin 2026 Table S4D (Lin's calls)
FU_iCCA	491		stim	TUMOUR_CLASSICAL	Lin 2026 Table S4D (Lin's calls)
FU_iCCA	131		stim	INFLAMMATORY_STROMA	Lin 2026 Table S4D (Lin's calls)
FU_iCCA	525		stim	INFLAMMATORY_STROMA	Lin 2026 Table S4D (Lin's calls)
FU_iCCA	373		stim	INFLAMMATORY_STROMA	Lin 2026 Table S4D (Lin's calls)
FU_iCCA	555		stim	DESERT_LIKE	Lin 2026 Table S4D (Lin's calls)
FU_iCCA	181		stim	TUMOUR_CLASSICAL	Lin 2026 Table S4D (Lin's calls)
FU_iCCA	863		stim	IMMUNE_CLASSICAL	Lin 2026 Table S4D (Lin's calls)
FU_iCCA	221		stim	IMMUNE_CLASSICAL	Lin 2026 Table S4D (Lin's calls)
FU_iCCA	965		stim	IMMUNE_CLASSICAL	Lin 2026 Table S4D (Lin's calls)
FU_iCCA	973		stim	IMMUNE_CLASSICAL	Lin 2026 Table S4D (Lin's calls)
FU_iCCA	427		stim	IMMUNE_CLASSICAL	Lin 2026 Table S4D (Lin's calls)
FU_iCCA	211		stim	IMMUNE_CLASSICAL	Lin 2026 Table S4D (Lin's calls)
FU_iCCA	151		stim	DESERT_LIKE	Lin 2026 Table S4D (Lin's calls)
FU_iCCA	423		stim	INFLAMMATORY_STROMA	Lin 2026 Table S4D (Lin's calls)
FU_iCCA	513		stim	INFLAMMATORY_STROMA	Lin 2026 Table S4D (Lin's calls)
FU_iCCA	157		stim	DESERT_LIKE	Lin 2026 Table S4D (Lin's calls)
FU_iCCA	631		stim	Unclassified	Lin 2026 Table S4D (Lin's calls)
FU_iCCA	655		stim	INFLAMMATORY_STROMA	Lin 2026 Table S4D (Lin's calls)
FU_iCCA	981		stim	TUMOUR_CLASSICAL	Lin 2026 Table S4D (Lin's calls)
FU_iCCA	691		stim	TUMOUR_CLASSICAL	Lin 2026 Table S4D (Lin's calls)
FU_iCCA	241		stim	INFLAMMATORY_STROMA	Lin 2026 Table S4D (Lin's calls)
FU_iCCA	565		stim	TUMOUR_CLASSICAL	Lin 2026 Table S4D (Lin's calls)
FU_iCCA	377		stim	INFLAMMATORY_STROMA	Lin 2026 Table S4D (Lin's calls)
FU_iCCA	471		stim	IMMUNE_CLASSICAL	Lin 2026 Table S4D (Lin's calls)
FU_iCCA	485		stim	IMMUNE_CLASSICAL	Lin 2026 Table S4D (Lin's calls)
FU_iCCA	963		stim	IMMUNE_CLASSICAL	Lin 2026 Table S4D (Lin's calls)
FU_iCCA	663		stim	IMMUNE_CLASSICAL	Lin 2026 Table S4D (Lin's calls)
FU_iCCA	681		stim	HEPATIC_STEM_LIKE	Lin 2026 Table S4D (Lin's calls)
FU_iCCA	665		stim	IMMUNE_CLASSICAL	Lin 2026 Table S4D (Lin's calls)
FU_iCCA	575		stim	IMMUNE_CLASSICAL	Lin 2026 Table S4D (Lin's calls)
FU_iCCA	553		stim	IMMUNE_CLASSICAL	Lin 2026 Table S4D (Lin's calls)
FU_iCCA	811		stim	IMMUNE_CLASSICAL	Lin 2026 Table S4D (Lin's calls)
FU_iCCA	173		stim	TUMOUR_CLASSICAL	Lin 2026 Table S4D (Lin's calls)
FU_iCCA	637		stim	IMMUNE_CLASSICAL	Lin 2026 Table S4D (Lin's calls)
FU_iCCA	917		stim	IMMUNE_CLASSICAL	Lin 2026 Table S4D (Lin's calls)
FU_iCCA	971		stim	Unclassified	Lin 2026 Table S4D (Lin's calls)
FU_iCCA	115		stim	IMMUNE_CLASSICAL	Lin 2026 Table S4D (Lin's calls)
FU_iCCA	677		stim	IMMUNE_CLASSICAL	Lin 2026 Table S4D (Lin's calls)
FU_iCCA	255		stim	Unclassified	Lin 2026 Table S4D (Lin's calls)
FU_iCCA	111		stim	INFLAMMATORY_STROMA	Lin 2026 Table S4D (Lin's calls)
FU_iCCA	567		stim	DESERT_LIKE	Lin 2026 Table S4D (Lin's calls)
FU_iCCA	343		stim	TUMOUR_CLASSICAL	Lin 2026 Table S4D (Lin's calls)
FU_iCCA	425		stim	INFLAMMATORY_STROMA	Lin 2026 Table S4D (Lin's calls)
FU_iCCA	133		stim	INFLAMMATORY_STROMA	Lin 2026 Table S4D (Lin's calls)
FU_iCCA	511		stim	INFLAMMATORY_STROMA	Lin 2026 Table S4D (Lin's calls)
FU_iCCA	627		stim	TUMOUR_CLASSICAL	Lin 2026 Table S4D (Lin's calls)
FU_iCCA	155		stim	IMMUNE_CLASSICAL	Lin 2026 Table S4D (Lin's calls)
FU_iCCA	175		stim	IMMUNE_CLASSICAL	Lin 2026 Table S4D (Lin's calls)
FU_iCCA	233		stim	INFLAMMATORY_STROMA	Lin 2026 Table S4D (Lin's calls)
FU_iCCA	885		stim	Unclassified	Lin 2026 Table S4D (Lin's calls)
FU_iCCA	283		stim	TUMOUR_CLASSICAL	Lin 2026 Table S4D (Lin's calls)
FU_iCCA	451		stim	INFLAMMATORY_STROMA	Lin 2026 Table S4D (Lin's calls)
FU_iCCA	831		stim	INFLAMMATORY_STROMA	Lin 2026 Table S4D (Lin's calls)
FU_iCCA	165		stim	DESERT_LIKE	Lin 2026 Table S4D (Lin's calls)
FU_iCCA	185		stim	HEPATIC_STEM_LIKE	Lin 2026 Table S4D (Lin's calls)
FU_iCCA	135		stim	HEPATIC_STEM_LIKE	Lin 2026 Table S4D (Lin's calls)
FU_iCCA	231		stim	HEPATIC_STEM_LIKE	Lin 2026 Table S4D (Lin's calls)
FU_iCCA	395		stim	HEPATIC_STEM_LIKE	Lin 2026 Table S4D (Lin's calls)
FU_iCCA	625		stim	HEPATIC_STEM_LIKE	Lin 2026 Table S4D (Lin's calls)
FU_iCCA	573		stim	HEPATIC_STEM_LIKE	Lin 2026 Table S4D (Lin's calls)
FU_iCCA	951		stim	HEPATIC_STEM_LIKE	Lin 2026 Table S4D (Lin's calls)
FU_iCCA	581		stim	DESERT_LIKE	Lin 2026 Table S4D (Lin's calls)
FU_iCCA	213		stim	HEPATIC_STEM_LIKE	Lin 2026 Table S4D (Lin's calls)
FU_iCCA	363		stim	HEPATIC_STEM_LIKE	Lin 2026 Table S4D (Lin's calls)
FU_iCCA	817		stim	HEPATIC_STEM_LIKE	Lin 2026 Table S4D (Lin's calls)
FU_iCCA	875		stim	HEPATIC_STEM_LIKE	Lin 2026 Table S4D (Lin's calls)
FU_iCCA	393		stim	HEPATIC_STEM_LIKE	Lin 2026 Table S4D (Lin's calls)
FU_iCCA	533		stim	HEPATIC_STEM_LIKE	Lin 2026 Table S4D (Lin's calls)
FU_iCCA	121		stim	HEPATIC_STEM_LIKE	Lin 2026 Table S4D (Lin's calls)
FU_iCCA	911		stim	HEPATIC_STEM_LIKE	Lin 2026 Table S4D (Lin's calls)
FU_iCCA	635		stim	HEPATIC_STEM_LIKE	Lin 2026 Table S4D (Lin's calls)
FU_iCCA	515		stim	HEPATIC_STEM_LIKE	Lin 2026 Table S4D (Lin's calls)
FU_iCCA	641		stim	HEPATIC_STEM_LIKE	Lin 2026 Table S4D (Lin's calls)
FU_iCCA	835		stim	HEPATIC_STEM_LIKE	Lin 2026 Table S4D (Lin's calls)
FU_iCCA	253		stim	HEPATIC_STEM_LIKE	Lin 2026 Table S4D (Lin's calls)
FU_iCCA	113		stim	HEPATIC_STEM_LIKE	Lin 2026 Table S4D (Lin's calls)
FU_iCCA	421		stim	TUMOUR_CLASSICAL	Lin 2026 Table S4D (Lin's calls)
FU_iCCA	267		stim	HEPATIC_STEM_LIKE	Lin 2026 Table S4D (Lin's calls)
FU_iCCA	323		stim	HEPATIC_STEM_LIKE	Lin 2026 Table S4D (Lin's calls)
FU_iCCA	517		stim	HEPATIC_STEM_LIKE	Lin 2026 Table S4D (Lin's calls)
FU_iCCA	983		stim	HEPATIC_STEM_LIKE	Lin 2026 Table S4D (Lin's calls)
FU_iCCA	543		stim	HEPATIC_STEM_LIKE	Lin 2026 Table S4D (Lin's calls)
FU_iCCA	657		stim	HEPATIC_STEM_LIKE	Lin 2026 Table S4D (Lin's calls)
FU_iCCA	521		stim	HEPATIC_STEM_LIKE	Lin 2026 Table S4D (Lin's calls)
FU_iCCA	987		stim	HEPATIC_STEM_LIKE	Lin 2026 Table S4D (Lin's calls)
FU_iCCA	585		stim	INFLAMMATORY_STROMA	Lin 2026 Table S4D (Lin's calls)
FU_iCCA	523		stim	IMMUNE_CLASSICAL	Lin 2026 Table S4D (Lin's calls)
FU_iCCA	861		stim	IMMUNE_CLASSICAL	Lin 2026 Table S4D (Lin's calls)
FU_iCCA	557		stim	IMMUNE_CLASSICAL	Lin 2026 Table S4D (Lin's calls)
FU_iCCA	223		stim	TUMOUR_CLASSICAL	Lin 2026 Table S4D (Lin's calls)
FU_iCCA	497		stim	IMMUNE_CLASSICAL	Lin 2026 Table S4D (Lin's calls)
FU_iCCA	271		stim	HEPATIC_STEM_LIKE	Lin 2026 Table S4D (Lin's calls)
FU_iCCA	447		stim	IMMUNE_CLASSICAL	Lin 2026 Table S4D (Lin's calls)
FU_iCCA	463		stim	IMMUNE_CLASSICAL	Lin 2026 Table S4D (Lin's calls)
FU_iCCA	417		stim	HEPATIC_STEM_LIKE	Lin 2026 Table S4D (Lin's calls)
FU_iCCA	277		stim	INFLAMMATORY_STROMA	Lin 2026 Table S4D (Lin's calls)
FU_iCCA	375		stim	INFLAMMATORY_STROMA	Lin 2026 Table S4D (Lin's calls)
FU_iCCA	977		stim	DESERT_LIKE	Lin 2026 Table S4D (Lin's calls)
FU_iCCA	865		stim	INFLAMMATORY_STROMA	Lin 2026 Table S4D (Lin's calls)
FU_iCCA	561		stim	HEPATIC_STEM_LIKE	Lin 2026 Table S4D (Lin's calls)
FU_iCCA	247		stim	HEPATIC_STEM_LIKE	Lin 2026 Table S4D (Lin's calls)
FU_iCCA	825		stim	HEPATIC_STEM_LIKE	Lin 2026 Table S4D (Lin's calls)
FU_iCCA	687		stim	HEPATIC_STEM_LIKE	Lin 2026 Table S4D (Lin's calls)
FU_iCCA	475		stim	HEPATIC_STEM_LIKE	Lin 2026 Table S4D (Lin's calls)
FU_iCCA	311		stim	HEPATIC_STEM_LIKE	Lin 2026 Table S4D (Lin's calls)
FU_iCCA	331		stim	IMMUNE_CLASSICAL	Lin 2026 Table S4D (Lin's calls)
FU_iCCA	163		stim	IMMUNE_CLASSICAL	Lin 2026 Table S4D (Lin's calls)
FU_iCCA	251		stim	DESERT_LIKE	Lin 2026 Table S4D (Lin's calls)
FU_iCCA	477		stim	INFLAMMATORY_STROMA	Lin 2026 Table S4D (Lin's calls)
FU_iCCA	547		stim	INFLAMMATORY_STROMA	Lin 2026 Table S4D (Lin's calls)
FU_iCCA	931		stim	TUMOUR_CLASSICAL	Lin 2026 Table S4D (Lin's calls)
FU_iCCA	843		stim	HEPATIC_STEM_LIKE	Lin 2026 Table S4D (Lin's calls)
FU_iCCA	683		stim	TUMOUR_CLASSICAL	Lin 2026 Table S4D (Lin's calls)
FU_iCCA	651		stim	DESERT_LIKE	Lin 2026 Table S4D (Lin's calls)
FU_iCCA	455		stim	INFLAMMATORY_STROMA	Lin 2026 Table S4D (Lin's calls)
FU_iCCA	857		stim	TUMOUR_CLASSICAL	Lin 2026 Table S4D (Lin's calls)
FU_iCCA	413		stim	DESERT_LIKE	Lin 2026 Table S4D (Lin's calls)
FU_iCCA	257		stim	HEPATIC_STEM_LIKE	Lin 2026 Table S4D (Lin's calls)
FU_iCCA	145		stim	HEPATIC_STEM_LIKE	Lin 2026 Table S4D (Lin's calls)
FU_iCCA	273		stim	HEPATIC_STEM_LIKE	Lin 2026 Table S4D (Lin's calls)
FU_iCCA	191		stim	DESERT_LIKE	Lin 2026 Table S4D (Lin's calls)
FU_iCCA	821		stim	HEPATIC_STEM_LIKE	Lin 2026 Table S4D (Lin's calls)
FU_iCCA	927		stim	HEPATIC_STEM_LIKE	Lin 2026 Table S4D (Lin's calls)
FU_iCCA	923		stim	DESERT_LIKE	Lin 2026 Table S4D (Lin's calls)
FU_iCCA	913		stim	HEPATIC_STEM_LIKE	Lin 2026 Table S4D (Lin's calls)
FU_iCCA	265		stim	HEPATIC_STEM_LIKE	Lin 2026 Table S4D (Lin's calls)
FU_iCCA	183		stim	HEPATIC_STEM_LIKE	Lin 2026 Table S4D (Lin's calls)
FU_iCCA	193		stim	DESERT_LIKE	Lin 2026 Table S4D (Lin's calls)
FU_iCCA	495		stim	HEPATIC_STEM_LIKE	Lin 2026 Table S4D (Lin's calls)
FU_iCCA	457		stim	HEPATIC_STEM_LIKE	Lin 2026 Table S4D (Lin's calls)
FU_iCCA	197		stim	HEPATIC_STEM_LIKE	Lin 2026 Table S4D (Lin's calls)
FU_iCCA	937		stim	HEPATIC_STEM_LIKE	Lin 2026 Table S4D (Lin's calls)
FU_iCCA	433		stim	HEPATIC_STEM_LIKE	Lin 2026 Table S4D (Lin's calls)
FU_iCCA	445		stim	HEPATIC_STEM_LIKE	Lin 2026 Table S4D (Lin's calls)
FU_iCCA	847		stim	HEPATIC_STEM_LIKE	Lin 2026 Table S4D (Lin's calls)
FU_iCCA	535		stim	HEPATIC_STEM_LIKE	Lin 2026 Table S4D (Lin's calls)
FU_iCCA	353		stim	HEPATIC_STEM_LIKE	Lin 2026 Table S4D (Lin's calls)
FU_iCCA	345		stim	HEPATIC_STEM_LIKE	Lin 2026 Table S4D (Lin's calls)
FU_iCCA	245		stim	DESERT_LIKE	Lin 2026 Table S4D (Lin's calls)
FU_iCCA	883		stim	DESERT_LIKE	Lin 2026 Table S4D (Lin's calls)
FU_iCCA	153		stim	HEPATIC_STEM_LIKE	Lin 2026 Table S4D (Lin's calls)
FU_iCCA	335		stim	HEPATIC_STEM_LIKE	Lin 2026 Table S4D (Lin's calls)
FU_iCCA	263		stim	HEPATIC_STEM_LIKE	Lin 2026 Table S4D (Lin's calls)
FU_iCCA	541		stim	IMMUNE_CLASSICAL	Lin 2026 Table S4D (Lin's calls)
FU_iCCA	317		stim	HEPATIC_STEM_LIKE	Lin 2026 Table S4D (Lin's calls)
FU_iCCA	925		stim	DESERT_LIKE	Lin 2026 Table S4D (Lin's calls)
FU_iCCA	215		stim	DESERT_LIKE	Lin 2026 Table S4D (Lin's calls)
FU_iCCA	993		stim	DESERT_LIKE	Lin 2026 Table S4D (Lin's calls)
FU_iCCA	545		stim	HEPATIC_STEM_LIKE	Lin 2026 Table S4D (Lin's calls)
FU_iCCA	615		stim	INFLAMMATORY_STROMA	Lin 2026 Table S4D (Lin's calls)
FU_iCCA	877		stim	DESERT_LIKE	Lin 2026 Table S4D (Lin's calls)
FU_iCCA	161		stim	DESERT_LIKE	Lin 2026 Table S4D (Lin's calls)
FU_iCCA	143		stim	DESERT_LIKE	Lin 2026 Table S4D (Lin's calls)
FU_iCCA	137		stim	INFLAMMATORY_STROMA	Lin 2026 Table S4D (Lin's calls)
FU_iCCA	941		stim	DESERT_LIKE	Lin 2026 Table S4D (Lin's calls)
FU_iCCA	187		stim	TUMOUR_CLASSICAL	Lin 2026 Table S4D (Lin's calls)
FU_iCCA	813		stim	TUMOUR_CLASSICAL	Lin 2026 Table S4D (Lin's calls)
FU_iCCA	487		stim	INFLAMMATORY_STROMA	Lin 2026 Table S4D (Lin's calls)
FU_iCCA	177		stim	TUMOUR_CLASSICAL	Lin 2026 Table S4D (Lin's calls)
FU_iCCA	617		stim	TUMOUR_CLASSICAL	Lin 2026 Table S4D (Lin's calls)
FU_iCCA	563		stim	HEPATIC_STEM_LIKE	Lin 2026 Table S4D (Lin's calls)
FU_iCCA	623		stim	HEPATIC_STEM_LIKE	Lin 2026 Table S4D (Lin's calls)
FU_iCCA	845		stim	HEPATIC_STEM_LIKE	Lin 2026 Table S4D (Lin's calls)
FU_iCCA	613		stim	HEPATIC_STEM_LIKE	Lin 2026 Table S4D (Lin's calls)
FU_iCCA	473		stim	DESERT_LIKE	Lin 2026 Table S4D (Lin's calls)
FU_iCCA	975		stim	HEPATIC_STEM_LIKE	Lin 2026 Table S4D (Lin's calls)
FU_iCCA	493		stim	TUMOUR_CLASSICAL	Lin 2026 Table S4D (Lin's calls)
FU_iCCA	921		stim	HEPATIC_STEM_LIKE	Lin 2026 Table S4D (Lin's calls)
FU_iCCA	551		stim	HEPATIC_STEM_LIKE	Lin 2026 Table S4D (Lin's calls)
FU_iCCA	675		stim	HEPATIC_STEM_LIKE	Lin 2026 Table S4D (Lin's calls)
FU_iCCA	237		stim	HEPATIC_STEM_LIKE	Lin 2026 Table S4D (Lin's calls)
FU_iCCA	411		stim	HEPATIC_STEM_LIKE	Lin 2026 Table S4D (Lin's calls)
FU_iCCA	415		stim	HEPATIC_STEM_LIKE	Lin 2026 Table S4D (Lin's calls)
FU_iCCA	577		stim	HEPATIC_STEM_LIKE	Lin 2026 Table S4D (Lin's calls)
FU_iCCA	361		stim	HEPATIC_STEM_LIKE	Lin 2026 Table S4D (Lin's calls)
FU_iCCA	661		stim	HEPATIC_STEM_LIKE	Lin 2026 Table S4D (Lin's calls)
FU_iCCA	673		stim	HEPATIC_STEM_LIKE	Lin 2026 Table S4D (Lin's calls)
FU_iCCA	947		stim	HEPATIC_STEM_LIKE	Lin 2026 Table S4D (Lin's calls)
FU_iCCA	957		stim	TUMOUR_CLASSICAL	Lin 2026 Table S4D (Lin's calls)
FU_iCCA	355		stim	HEPATIC_STEM_LIKE	Lin 2026 Table S4D (Lin's calls)
FU_iCCA	591		stim	HEPATIC_STEM_LIKE	Lin 2026 Table S4D (Lin's calls)
FU_iCCA	123		stim	IMMUNE_CLASSICAL	Lin 2026 Table S4D (Lin's calls)
FU_iCCA	327		stim	IMMUNE_CLASSICAL	Lin 2026 Table S4D (Lin's calls)
FU_iCCA	117		stim	IMMUNE_CLASSICAL	Lin 2026 Table S4D (Lin's calls)
FU_iCCA	285		stim	DESERT_LIKE	Lin 2026 Table S4D (Lin's calls)
FU_iCCA	621		stim	DESERT_LIKE	Lin 2026 Table S4D (Lin's calls)
FU_iCCA	467		stim	HEPATIC_STEM_LIKE	Lin 2026 Table S4D (Lin's calls)
FU_iCCA	531		stim	DESERT_LIKE	Lin 2026 Table S4D (Lin's calls)
FU_iCCA	995		stim	DESERT_LIKE	Lin 2026 Table S4D (Lin's calls)
FU_iCCA	443		stim	DESERT_LIKE	Lin 2026 Table S4D (Lin's calls)
FU_iCCA	313		stim	HEPATIC_STEM_LIKE	Lin 2026 Table S4D (Lin's calls)
FU_iCCA	367		stim	INFLAMMATORY_STROMA	Lin 2026 Table S4D (Lin's calls)
FU_iCCA	693		stim	INFLAMMATORY_STROMA	Lin 2026 Table S4D (Lin's calls)
FU_iCCA	667		stim	DESERT_LIKE	Lin 2026 Table S4D (Lin's calls)
FU_iCCA	611		stim	DESERT_LIKE	Lin 2026 Table S4D (Lin's calls)
FU_iCCA	171		stim	DESERT_LIKE	Lin 2026 Table S4D (Lin's calls)
FU_iCCA	855		stim	HEPATIC_STEM_LIKE	Lin 2026 Table S4D (Lin's calls)
FU_iCCA	571		stim	DESERT_LIKE	Lin 2026 Table S4D (Lin's calls)
FU_iCCA	643		stim	IMMUNE_CLASSICAL	Lin 2026 Table S4D (Lin's calls)
FU_iCCA	347		stim	INFLAMMATORY_STROMA	Lin 2026 Table S4D (Lin's calls)
GSE244807	CK001	GSM7829922	stim	IMMUNE_CLASSICAL	Beaufrere 2025 (trislaz/ICCA_prediction labels)
GSE244807	CK002	GSM7829923	stim	TUMOUR_CLASSICAL	Beaufrere 2025 (trislaz/ICCA_prediction labels)
GSE244807	CK003	GSM7829924	stim	HEPATIC_STEM_LIKE	Beaufrere 2025 (trislaz/ICCA_prediction labels)
GSE244807	CK004	GSM7829925	stim	HEPATIC_STEM_LIKE	Beaufrere 2025 (trislaz/ICCA_prediction labels)
GSE244807	CK006	GSM7829926	stim	HEPATIC_STEM_LIKE	Beaufrere 2025 (trislaz/ICCA_prediction labels)
GSE244807	CK007	GSM7829927	stim	HEPATIC_STEM_LIKE	Beaufrere 2025 (trislaz/ICCA_prediction labels)
GSE244807	CK008	GSM7829928	stim	HEPATIC_STEM_LIKE	Beaufrere 2025 (trislaz/ICCA_prediction labels)
GSE244807	CK009	GSM7829929	stim	HEPATIC_STEM_LIKE	Beaufrere 2025 (trislaz/ICCA_prediction labels)
GSE244807	CK010	GSM7829930	stim	HEPATIC_STEM_LIKE	Beaufrere 2025 (trislaz/ICCA_prediction labels)
GSE244807	CK011	GSM7829931	stim	INFLAMMATORY_STROMA	Beaufrere 2025 (trislaz/ICCA_prediction labels)
GSE244807	CK012	GSM7829932	stim	HEPATIC_STEM_LIKE	Beaufrere 2025 (trislaz/ICCA_prediction labels)
GSE244807	CK013	GSM7829933	stim	HEPATIC_STEM_LIKE	Beaufrere 2025 (trislaz/ICCA_prediction labels)
GSE244807	CK014	GSM7829934	stim	TUMOUR_CLASSICAL	Beaufrere 2025 (trislaz/ICCA_prediction labels)
GSE244807	CK015	GSM7829935	stim	IMMUNE_CLASSICAL	Beaufrere 2025 (trislaz/ICCA_prediction labels)
GSE244807	CK016	GSM7829936	stim	HEPATIC_STEM_LIKE	Beaufrere 2025 (trislaz/ICCA_prediction labels)
GSE244807	CK017	GSM7829937	stim	INFLAMMATORY_STROMA	Beaufrere 2025 (trislaz/ICCA_prediction labels)
GSE244807	CK018	GSM7829938	stim	HEPATIC_STEM_LIKE	Beaufrere 2025 (trislaz/ICCA_prediction labels)
GSE244807	CK019	GSM7829939	stim	HEPATIC_STEM_LIKE	Beaufrere 2025 (trislaz/ICCA_prediction labels)
GSE244807	CK020	GSM7829940	stim	TUMOUR_CLASSICAL	Beaufrere 2025 (trislaz/ICCA_prediction labels)
GSE244807	CK021	GSM7829941	stim	DESERT_LIKE	Beaufrere 2025 (trislaz/ICCA_prediction labels)
GSE244807	CK022	GSM7829942	stim	HEPATIC_STEM_LIKE	Beaufrere 2025 (trislaz/ICCA_prediction labels)
GSE244807	CK023	GSM7829943	stim	INFLAMMATORY_STROMA	Beaufrere 2025 (trislaz/ICCA_prediction labels)
GSE244807	CK024	GSM7829944	stim	INFLAMMATORY_STROMA	Beaufrere 2025 (trislaz/ICCA_prediction labels)
GSE244807	CK025	GSM7829945	stim	HEPATIC_STEM_LIKE	Beaufrere 2025 (trislaz/ICCA_prediction labels)
GSE244807	CK026	GSM7829946	stim	TUMOUR_CLASSICAL	Beaufrere 2025 (trislaz/ICCA_prediction labels)
GSE244807	CK027	GSM7829947	stim	HEPATIC_STEM_LIKE	Beaufrere 2025 (trislaz/ICCA_prediction labels)
GSE244807	CK028	GSM7829948	stim	INFLAMMATORY_STROMA	Beaufrere 2025 (trislaz/ICCA_prediction labels)
GSE244807	CK029	GSM7829949	stim	HEPATIC_STEM_LIKE	Beaufrere 2025 (trislaz/ICCA_prediction labels)
GSE244807	CK030	GSM7829950	stim	IMMUNE_CLASSICAL	Beaufrere 2025 (trislaz/ICCA_prediction labels)
GSE244807	CK031	GSM7829951	stim	HEPATIC_STEM_LIKE	Beaufrere 2025 (trislaz/ICCA_prediction labels)
GSE244807	CK032	GSM7829952	stim	IMMUNE_CLASSICAL	Beaufrere 2025 (trislaz/ICCA_prediction labels)
GSE244807	CK033	GSM7829953	stim	TUMOUR_CLASSICAL	Beaufrere 2025 (trislaz/ICCA_prediction labels)
GSE244807	CK034	GSM7829954	stim	IMMUNE_CLASSICAL	Beaufrere 2025 (trislaz/ICCA_prediction labels)
GSE244807	CK035	GSM7829955	stim	HEPATIC_STEM_LIKE	Beaufrere 2025 (trislaz/ICCA_prediction labels)
GSE244807	CK036	GSM7829956	stim	IMMUNE_CLASSICAL	Beaufrere 2025 (trislaz/ICCA_prediction labels)
GSE244807	CK037	GSM7829957	stim	INFLAMMATORY_STROMA	Beaufrere 2025 (trislaz/ICCA_prediction labels)
GSE244807	CK038	GSM7829958	stim	INFLAMMATORY_STROMA	Beaufrere 2025 (trislaz/ICCA_prediction labels)
GSE244807	CK039	GSM7829959	stim	HEPATIC_STEM_LIKE	Beaufrere 2025 (trislaz/ICCA_prediction labels)
GSE244807	CK040	GSM7829960	stim	HEPATIC_STEM_LIKE	Beaufrere 2025 (trislaz/ICCA_prediction labels)
GSE244807	CK041	GSM7829961	stim	IMMUNE_CLASSICAL	Beaufrere 2025 (trislaz/ICCA_prediction labels)
GSE244807	CK042	GSM7829962	stim	HEPATIC_STEM_LIKE	Beaufrere 2025 (trislaz/ICCA_prediction labels)
GSE244807	CK043	GSM7829963	stim	HEPATIC_STEM_LIKE	Beaufrere 2025 (trislaz/ICCA_prediction labels)
GSE244807	CK044	GSM7829964	stim	HEPATIC_STEM_LIKE	Beaufrere 2025 (trislaz/ICCA_prediction labels)
GSE244807	CK045	GSM7829965	stim	TUMOUR_CLASSICAL	Beaufrere 2025 (trislaz/ICCA_prediction labels)
GSE244807	CK046	GSM7829966	stim	HEPATIC_STEM_LIKE	Beaufrere 2025 (trislaz/ICCA_prediction labels)
GSE244807	CK047	GSM7829967	stim	IMMUNE_CLASSICAL	Beaufrere 2025 (trislaz/ICCA_prediction labels)
GSE244807	CK048	GSM7829968	stim	HEPATIC_STEM_LIKE	Beaufrere 2025 (trislaz/ICCA_prediction labels)
GSE244807	CK049	GSM7829969	stim	HEPATIC_STEM_LIKE	Beaufrere 2025 (trislaz/ICCA_prediction labels)
GSE244807	CK050	GSM7829970	stim	INFLAMMATORY_STROMA	Beaufrere 2025 (trislaz/ICCA_prediction labels)
GSE244807	CK051	GSM7829971	stim	HEPATIC_STEM_LIKE	Beaufrere 2025 (trislaz/ICCA_prediction labels)
GSE244807	CK052	GSM7829972	stim	TUMOUR_CLASSICAL	Beaufrere 2025 (trislaz/ICCA_prediction labels)
GSE244807	CK053	GSM7829973	stim	IMMUNE_CLASSICAL	Beaufrere 2025 (trislaz/ICCA_prediction labels)
GSE244807	CK054	GSM7829974	stim	HEPATIC_STEM_LIKE	Beaufrere 2025 (trislaz/ICCA_prediction labels)
GSE244807	CK055	GSM7829975	stim	HEPATIC_STEM_LIKE	Beaufrere 2025 (trislaz/ICCA_prediction labels)
GSE244807	CK056	GSM7829976	stim	HEPATIC_STEM_LIKE	Beaufrere 2025 (trislaz/ICCA_prediction labels)
GSE244807	CK057	GSM7829977	stim	INFLAMMATORY_STROMA	Beaufrere 2025 (trislaz/ICCA_prediction labels)
GSE244807	CK058	GSM7829978	stim	TUMOUR_CLASSICAL	Beaufrere 2025 (trislaz/ICCA_prediction labels)
GSE244807	CK059	GSM7829979	stim	TUMOUR_CLASSICAL	Beaufrere 2025 (trislaz/ICCA_prediction labels)
GSE244807	CK060	GSM7829980	stim	HEPATIC_STEM_LIKE	Beaufrere 2025 (trislaz/ICCA_prediction labels)
GSE244807	CK061	GSM7829981	stim	HEPATIC_STEM_LIKE	Beaufrere 2025 (trislaz/ICCA_prediction labels)
GSE244807	CK062	GSM7829982	stim	HEPATIC_STEM_LIKE	Beaufrere 2025 (trislaz/ICCA_prediction labels)
GSE244807	CK063	GSM7829983	stim	HEPATIC_STEM_LIKE	Beaufrere 2025 (trislaz/ICCA_prediction labels)
GSE244807	CK064	GSM7829984	stim	INFLAMMATORY_STROMA	Beaufrere 2025 (trislaz/ICCA_prediction labels)
GSE244807	CK065	GSM7829985	stim	HEPATIC_STEM_LIKE	Beaufrere 2025 (trislaz/ICCA_prediction labels)
GSE244807	CK066	GSM7829986	stim	IMMUNE_CLASSICAL	Beaufrere 2025 (trislaz/ICCA_prediction labels)
GSE244807	CK067	GSM7829987	stim	HEPATIC_STEM_LIKE	Beaufrere 2025 (trislaz/ICCA_prediction labels)
GSE244807	CK068	GSM7829988	stim	INFLAMMATORY_STROMA	Beaufrere 2025 (trislaz/ICCA_prediction labels)
GSE244807	CK069	GSM7829989	stim	DESERT_LIKE	Beaufrere 2025 (trislaz/ICCA_prediction labels)
GSE244807	CK070	GSM7829990	stim	INFLAMMATORY_STROMA	Beaufrere 2025 (trislaz/ICCA_prediction labels)
GSE244807	CK071	GSM7829991	stim	TUMOUR_CLASSICAL	Beaufrere 2025 (trislaz/ICCA_prediction labels)
GSE244807	CK072	GSM7829992	stim	TUMOUR_CLASSICAL	Beaufrere 2025 (trislaz/ICCA_prediction labels)
GSE244807	CK073	GSM7829993	stim	HEPATIC_STEM_LIKE	Beaufrere 2025 (trislaz/ICCA_prediction labels)
GSE244807	CK074	GSM7829994	stim	HEPATIC_STEM_LIKE	Beaufrere 2025 (trislaz/ICCA_prediction labels)
GSE244807	CK075	GSM7829995	stim	IMMUNE_CLASSICAL	Beaufrere 2025 (trislaz/ICCA_prediction labels)
GSE244807	CK076	GSM7829996	stim	HEPATIC_STEM_LIKE	Beaufrere 2025 (trislaz/ICCA_prediction labels)
GSE244807	CK077	GSM7829997	stim	INFLAMMATORY_STROMA	Beaufrere 2025 (trislaz/ICCA_prediction labels)
GSE244807	CK078	GSM7829998	stim	IMMUNE_CLASSICAL	Beaufrere 2025 (trislaz/ICCA_prediction labels)
GSE244807	CK079	GSM7829999	stim	INFLAMMATORY_STROMA	Beaufrere 2025 (trislaz/ICCA_prediction labels)
GSE244807	CK080	GSM7830000	stim	HEPATIC_STEM_LIKE	Beaufrere 2025 (trislaz/ICCA_prediction labels)
GSE244807	CK081	GSM7830001	stim	INFLAMMATORY_STROMA	Beaufrere 2025 (trislaz/ICCA_prediction labels)
GSE244807	CK082	GSM7830002	stim	HEPATIC_STEM_LIKE	Beaufrere 2025 (trislaz/ICCA_prediction labels)
GSE244807	CK083	GSM7830003	stim	INFLAMMATORY_STROMA	Beaufrere 2025 (trislaz/ICCA_prediction labels)
GSE244807	CK084	GSM7830004	stim	DESERT_LIKE	Beaufrere 2025 (trislaz/ICCA_prediction labels)
GSE244807	CK085	GSM7830005	stim	IMMUNE_CLASSICAL	Beaufrere 2025 (trislaz/ICCA_prediction labels)
GSE244807	CK086	GSM7830006	stim	IMMUNE_CLASSICAL	Beaufrere 2025 (trislaz/ICCA_prediction labels)
GSE244807	CK087	GSM7830007	stim	INFLAMMATORY_STROMA	Beaufrere 2025 (trislaz/ICCA_prediction labels)
GSE244807	CK088	GSM7830008	stim	HEPATIC_STEM_LIKE	Beaufrere 2025 (trislaz/ICCA_prediction labels)
GSE244807	CK089	GSM7830009	stim	HEPATIC_STEM_LIKE	Beaufrere 2025 (trislaz/ICCA_prediction labels)
GSE244807	CK090	GSM7830010	stim	DESERT_LIKE	Beaufrere 2025 (trislaz/ICCA_prediction labels)
GSE244807	CK091	GSM7830011	stim	IMMUNE_CLASSICAL	Beaufrere 2025 (trislaz/ICCA_prediction labels)
GSE244807	CK092	GSM7830012	stim	HEPATIC_STEM_LIKE	Beaufrere 2025 (trislaz/ICCA_prediction labels)
GSE244807	CK093	GSM7830013	stim	TUMOUR_CLASSICAL	Beaufrere 2025 (trislaz/ICCA_prediction labels)
GSE244807	CK094	GSM7830014	stim	HEPATIC_STEM_LIKE	Beaufrere 2025 (trislaz/ICCA_prediction labels)
GSE244807	CK095	GSM7830015	stim	TUMOUR_CLASSICAL	Beaufrere 2025 (trislaz/ICCA_prediction labels)
GSE244807	CK096	GSM7830016	stim	TUMOUR_CLASSICAL	Beaufrere 2025 (trislaz/ICCA_prediction labels)
GSE244807	CK097	GSM7830017	stim	HEPATIC_STEM_LIKE	Beaufrere 2025 (trislaz/ICCA_prediction labels)
GSE244807	CK098	GSM7830018	stim	INFLAMMATORY_STROMA	Beaufrere 2025 (trislaz/ICCA_prediction labels)
GSE244807	CK099	GSM7830019	stim	HEPATIC_STEM_LIKE	Beaufrere 2025 (trislaz/ICCA_prediction labels)
GSE244807	CK100	GSM7830020	stim	TUMOUR_CLASSICAL	Beaufrere 2025 (trislaz/ICCA_prediction labels)
GSE244807	CK101	GSM7830021	stim	HEPATIC_STEM_LIKE	Beaufrere 2025 (trislaz/ICCA_prediction labels)
GSE244807	CK102	GSM7830022	stim	INFLAMMATORY_STROMA	Beaufrere 2025 (trislaz/ICCA_prediction labels)
GSE244807	CK103	GSM7830023	stim	HEPATIC_STEM_LIKE	Beaufrere 2025 (trislaz/ICCA_prediction labels)
GSE244807	CK104	GSM7830024	stim	TUMOUR_CLASSICAL	Beaufrere 2025 (trislaz/ICCA_prediction labels)
GSE244807	CK105	GSM7830025	stim	INFLAMMATORY_STROMA	Beaufrere 2025 (trislaz/ICCA_prediction labels)
GSE244807	CK106	GSM7830026	stim	HEPATIC_STEM_LIKE	Beaufrere 2025 (trislaz/ICCA_prediction labels)
GSE244807	CK107	GSM7830027	stim	HEPATIC_STEM_LIKE	Beaufrere 2025 (trislaz/ICCA_prediction labels)
GSE244807	CK108	GSM7830028	stim	INFLAMMATORY_STROMA	Beaufrere 2025 (trislaz/ICCA_prediction labels)
GSE244807	CK109	GSM7830029	stim	HEPATIC_STEM_LIKE	Beaufrere 2025 (trislaz/ICCA_prediction labels)
GSE244807	CK110	GSM7830030	stim	HEPATIC_STEM_LIKE	Beaufrere 2025 (trislaz/ICCA_prediction labels)
GSE244807	CK111	GSM7830031	stim	HEPATIC_STEM_LIKE	Beaufrere 2025 (trislaz/ICCA_prediction labels)
GSE244807	CK112	GSM7830032	stim	DESERT_LIKE	Beaufrere 2025 (trislaz/ICCA_prediction labels)
GSE244807	CK113	GSM7830033	stim	TUMOUR_CLASSICAL	Beaufrere 2025 (trislaz/ICCA_prediction labels)
GSE244807	CK114	GSM7830034	stim	HEPATIC_STEM_LIKE	Beaufrere 2025 (trislaz/ICCA_prediction labels)
GSE244807	CK115	GSM7830035	stim	HEPATIC_STEM_LIKE	Beaufrere 2025 (trislaz/ICCA_prediction labels)
GSE244807	CK116	GSM7830036	stim	TUMOUR_CLASSICAL	Beaufrere 2025 (trislaz/ICCA_prediction labels)
GSE244807	CK117	GSM7830037	stim	IMMUNE_CLASSICAL	Beaufrere 2025 (trislaz/ICCA_prediction labels)
GSE244807	CK118	GSM7830038	stim	IMMUNE_CLASSICAL	Beaufrere 2025 (trislaz/ICCA_prediction labels)
GSE244807	CK119	GSM7830039	stim	INFLAMMATORY_STROMA	Beaufrere 2025 (trislaz/ICCA_prediction labels)
GSE244807	CK120	GSM7830040	stim	HEPATIC_STEM_LIKE	Beaufrere 2025 (trislaz/ICCA_prediction labels)
GSE244807	CK121	GSM7830041	stim	IMMUNE_CLASSICAL	Beaufrere 2025 (trislaz/ICCA_prediction labels)
GSE244807	CK122	GSM7830042	stim	HEPATIC_STEM_LIKE	Beaufrere 2025 (trislaz/ICCA_prediction labels)
GSE244807	CK123	GSM7830043	stim	TUMOUR_CLASSICAL	Beaufrere 2025 (trislaz/ICCA_prediction labels)
GSE244807	CK124	GSM7830044	stim	IMMUNE_CLASSICAL	Beaufrere 2025 (trislaz/ICCA_prediction labels)
GSE244807	CK125	GSM7830045	stim	HEPATIC_STEM_LIKE	Beaufrere 2025 (trislaz/ICCA_prediction labels)
GSE244807	CK126	GSM7830046	stim	TUMOUR_CLASSICAL	Beaufrere 2025 (trislaz/ICCA_prediction labels)
GSE244807	CK127	GSM7830047	stim	INFLAMMATORY_STROMA	Beaufrere 2025 (trislaz/ICCA_prediction labels)
GSE244807	CK128	GSM7830048	stim	INFLAMMATORY_STROMA	Beaufrere 2025 (trislaz/ICCA_prediction labels)
GSE244807	CK129	GSM7830049	stim	HEPATIC_STEM_LIKE	Beaufrere 2025 (trislaz/ICCA_prediction labels)
GSE244807	CK130	GSM7830050	stim	IMMUNE_CLASSICAL	Beaufrere 2025 (trislaz/ICCA_prediction labels)
GSE244807	CK131	GSM7830051	stim	HEPATIC_STEM_LIKE	Beaufrere 2025 (trislaz/ICCA_prediction labels)
GSE244807	CK132	GSM7830052	stim	IMMUNE_CLASSICAL	Beaufrere 2025 (trislaz/ICCA_prediction labels)
GSE244807	CK134	GSM7830053	stim	IMMUNE_CLASSICAL	Beaufrere 2025 (trislaz/ICCA_prediction labels)
GSE244807	CK135	GSM7830054	stim	HEPATIC_STEM_LIKE	Beaufrere 2025 (trislaz/ICCA_prediction labels)
GSE244807	CK136	GSM7830055	stim	IMMUNE_CLASSICAL	Beaufrere 2025 (trislaz/ICCA_prediction labels)
GSE244807	CK137	GSM7830056	stim	INFLAMMATORY_STROMA	Beaufrere 2025 (trislaz/ICCA_prediction labels)
GSE244807	CK138	GSM7830057	stim	HEPATIC_STEM_LIKE	Beaufrere 2025 (trislaz/ICCA_prediction labels)
GSE244807	CK139	GSM7830058	stim	HEPATIC_STEM_LIKE	Beaufrere 2025 (trislaz/ICCA_prediction labels)
GSE244807	CK140	GSM7830059	stim	HEPATIC_STEM_LIKE	Beaufrere 2025 (trislaz/ICCA_prediction labels)
GSE244807	CK141	GSM7830060	stim	HEPATIC_STEM_LIKE	Beaufrere 2025 (trislaz/ICCA_prediction labels)
GSE244807	CK142	GSM7830061	stim	INFLAMMATORY_STROMA	Beaufrere 2025 (trislaz/ICCA_prediction labels)
GSE244807	CK143	GSM7830062	stim	HEPATIC_STEM_LIKE	Beaufrere 2025 (trislaz/ICCA_prediction labels)
GSE244807	CK144	GSM7830063	stim	IMMUNE_CLASSICAL	Beaufrere 2025 (trislaz/ICCA_prediction labels)
GSE244807	CK145	GSM7830064	stim	IMMUNE_CLASSICAL	Beaufrere 2025 (trislaz/ICCA_prediction labels)
GSE244807	CK146	GSM7830065	stim	INFLAMMATORY_STROMA	Beaufrere 2025 (trislaz/ICCA_prediction labels)
GSE244807	CK147	GSM7830066	stim	IMMUNE_CLASSICAL	Beaufrere 2025 (trislaz/ICCA_prediction labels)
GSE244807	CK148	GSM7830067	stim	HEPATIC_STEM_LIKE	Beaufrere 2025 (trislaz/ICCA_prediction labels)
GSE244807	CK149	GSM7830068	stim	INFLAMMATORY_STROMA	Beaufrere 2025 (trislaz/ICCA_prediction labels)
GSE244807	CK150	GSM7830069	stim	INFLAMMATORY_STROMA	Beaufrere 2025 (trislaz/ICCA_prediction labels)
GSE244807	CK151	GSM7830070	stim	TUMOUR_CLASSICAL	Beaufrere 2025 (trislaz/ICCA_prediction labels)
GSE244807	CK152	GSM7830071	stim	IMMUNE_CLASSICAL	Beaufrere 2025 (trislaz/ICCA_prediction labels)
GSE244807	CK153	GSM7830072	stim	IMMUNE_CLASSICAL	Beaufrere 2025 (trislaz/ICCA_prediction labels)
GSE244807	CK155	GSM7830073	stim	HEPATIC_STEM_LIKE	Beaufrere 2025 (trislaz/ICCA_prediction labels)
GSE244807	CK156	GSM7830074	stim	TUMOUR_CLASSICAL	Beaufrere 2025 (trislaz/ICCA_prediction labels)
GSE244807	CK157	GSM7830075	stim	INFLAMMATORY_STROMA	Beaufrere 2025 (trislaz/ICCA_prediction labels)
GSE244807	CK158	GSM7830076	stim	HEPATIC_STEM_LIKE	Beaufrere 2025 (trislaz/ICCA_prediction labels)
GSE244807	CK159	GSM7830077	stim	DESERT_LIKE	Beaufrere 2025 (trislaz/ICCA_prediction labels)
GSE244807	CK160	GSM7830078	stim	TUMOUR_CLASSICAL	Beaufrere 2025 (trislaz/ICCA_prediction labels)
GSE244807	CK161	GSM7830079	stim	IMMUNE_CLASSICAL	Beaufrere 2025 (trislaz/ICCA_prediction labels)
GSE244807	CK162	GSM7830080	stim	INFLAMMATORY_STROMA	Beaufrere 2025 (trislaz/ICCA_prediction labels)
GSE244807	CK163	GSM7830081	stim	HEPATIC_STEM_LIKE	Beaufrere 2025 (trislaz/ICCA_prediction labels)
GSE244807	CK164	GSM7830082	stim	DESERT_LIKE	Beaufrere 2025 (trislaz/ICCA_prediction labels)
GSE244807	CK165	GSM7830083	stim	TUMOUR_CLASSICAL	Beaufrere 2025 (trislaz/ICCA_prediction labels)
GSE244807	CK166	GSM7830084	stim	INFLAMMATORY_STROMA	Beaufrere 2025 (trislaz/ICCA_prediction labels)
GSE244807	CK167	GSM7830085	stim	TUMOUR_CLASSICAL	Beaufrere 2025 (trislaz/ICCA_prediction labels)
GSE244807	CK168	GSM7830086	stim	INFLAMMATORY_STROMA	Beaufrere 2025 (trislaz/ICCA_prediction labels)
GSE244807	CK169	GSM7830087	stim	HEPATIC_STEM_LIKE	Beaufrere 2025 (trislaz/ICCA_prediction labels)
GSE244807	CK170	GSM7830088	stim	INFLAMMATORY_STROMA	Beaufrere 2025 (trislaz/ICCA_prediction labels)
GSE244807	CK171	GSM7830089	stim	TUMOUR_CLASSICAL	Beaufrere 2025 (trislaz/ICCA_prediction labels)
GSE244807	CK172	GSM7830090	stim	INFLAMMATORY_STROMA	Beaufrere 2025 (trislaz/ICCA_prediction labels)
GSE244807	CK173	GSM7830091	stim	IMMUNE_CLASSICAL	Beaufrere 2025 (trislaz/ICCA_prediction labels)
GSE244807	CK174	GSM7830092	stim	IMMUNE_CLASSICAL	Beaufrere 2025 (trislaz/ICCA_prediction labels)
GSE244807	CK175	GSM7830093	stim	HEPATIC_STEM_LIKE	Beaufrere 2025 (trislaz/ICCA_prediction labels)
GSE244807	CK176	GSM7830094	stim	IMMUNE_CLASSICAL	Beaufrere 2025 (trislaz/ICCA_prediction labels)
GSE244807	CK177	GSM7830095	stim	IMMUNE_CLASSICAL	Beaufrere 2025 (trislaz/ICCA_prediction labels)
GSE244807	CK178	GSM7830096	stim	INFLAMMATORY_STROMA	Beaufrere 2025 (trislaz/ICCA_prediction labels)
GSE244807	CK179	GSM7830097	stim	IMMUNE_CLASSICAL	Beaufrere 2025 (trislaz/ICCA_prediction labels)
GSE244807	CK180	GSM7830098	stim	INFLAMMATORY_STROMA	Beaufrere 2025 (trislaz/ICCA_prediction labels)
GSE244807	CK181	GSM7830099	stim	HEPATIC_STEM_LIKE	Beaufrere 2025 (trislaz/ICCA_prediction labels)
GSE244807	CK182	GSM7830100	stim	DESERT_LIKE	Beaufrere 2025 (trislaz/ICCA_prediction labels)
GSE244807	CK183	GSM7830101	stim	HEPATIC_STEM_LIKE	Beaufrere 2025 (trislaz/ICCA_prediction labels)
GSE244807	CK184	GSM7830102	stim	INFLAMMATORY_STROMA	Beaufrere 2025 (trislaz/ICCA_prediction labels)
GSE244807	CK185	GSM7830103	stim	HEPATIC_STEM_LIKE	Beaufrere 2025 (trislaz/ICCA_prediction labels)
GSE244807	CK186	GSM7830104	stim	INFLAMMATORY_STROMA	Beaufrere 2025 (trislaz/ICCA_prediction labels)
GSE244807	CK187	GSM7830105	stim	IMMUNE_CLASSICAL	Beaufrere 2025 (trislaz/ICCA_prediction labels)
GSE244807	CK188	GSM7830106	stim	HEPATIC_STEM_LIKE	Beaufrere 2025 (trislaz/ICCA_prediction labels)
GSE244807	CK189	GSM7830107	stim	IMMUNE_CLASSICAL	Beaufrere 2025 (trislaz/ICCA_prediction labels)
GSE244807	CK190	GSM7830108	stim	TUMOUR_CLASSICAL	Beaufrere 2025 (trislaz/ICCA_prediction labels)
GSE244807	CK191	GSM7830109	stim	HEPATIC_STEM_LIKE	Beaufrere 2025 (trislaz/ICCA_prediction labels)
GSE244807	CK192	GSM7830110	stim	IMMUNE_CLASSICAL	Beaufrere 2025 (trislaz/ICCA_prediction labels)
GSE244807	CK193	GSM7830111	stim	INFLAMMATORY_STROMA	Beaufrere 2025 (trislaz/ICCA_prediction labels)
GSE244807	CK194	GSM7830112	stim	IMMUNE_CLASSICAL	Beaufrere 2025 (trislaz/ICCA_prediction labels)
GSE244807	CK195	GSM7830113	stim	IMMUNE_CLASSICAL	Beaufrere 2025 (trislaz/ICCA_prediction labels)
GSE244807	CK196	GSM7830114	stim	INFLAMMATORY_STROMA	Beaufrere 2025 (trislaz/ICCA_prediction labels)
GSE244807	CK197	GSM7830115	stim	HEPATIC_STEM_LIKE	Beaufrere 2025 (trislaz/ICCA_prediction labels)
GSE244807	CK198	GSM7830116	stim	HEPATIC_STEM_LIKE	Beaufrere 2025 (trislaz/ICCA_prediction labels)
GSE244807	CK199	GSM7830117	stim	INFLAMMATORY_STROMA	Beaufrere 2025 (trislaz/ICCA_prediction labels)
GSE244807	CK200	GSM7830118	stim	INFLAMMATORY_STROMA	Beaufrere 2025 (trislaz/ICCA_prediction labels)
GSE244807	CK201	GSM7830119	stim	IMMUNE_CLASSICAL	Beaufrere 2025 (trislaz/ICCA_prediction labels)
GSE244807	CK202	GSM7830120	stim	TUMOUR_CLASSICAL	Beaufrere 2025 (trislaz/ICCA_prediction labels)
GSE244807	CK203	GSM7830121	stim	DESERT_LIKE	Beaufrere 2025 (trislaz/ICCA_prediction labels)
GSE244807	CK204	GSM7830122	stim	INFLAMMATORY_STROMA	Beaufrere 2025 (trislaz/ICCA_prediction labels)
GSE244807	CK205	GSM7830123	stim	IMMUNE_CLASSICAL	Beaufrere 2025 (trislaz/ICCA_prediction labels)
GSE244807	CK206	GSM7830124	stim	INFLAMMATORY_STROMA	Beaufrere 2025 (trislaz/ICCA_prediction labels)
GSE244807	CK207	GSM7830125	stim	TUMOUR_CLASSICAL	Beaufrere 2025 (trislaz/ICCA_prediction labels)
GSE244807	CK208	GSM7830126	stim	IMMUNE_CLASSICAL	Beaufrere 2025 (trislaz/ICCA_prediction labels)
GSE244807	CK209	GSM7830127	stim	TUMOUR_CLASSICAL	Beaufrere 2025 (trislaz/ICCA_prediction labels)
GSE244807	CK210	GSM7830128	stim	HEPATIC_STEM_LIKE	Beaufrere 2025 (trislaz/ICCA_prediction labels)
GSE244807	CK211	GSM7830129	stim	IMMUNE_CLASSICAL	Beaufrere 2025 (trislaz/ICCA_prediction labels)
GSE244807	CK212	GSM7830130	stim	TUMOUR_CLASSICAL	Beaufrere 2025 (trislaz/ICCA_prediction labels)
GSE244807	CK213	GSM7830131	stim	INFLAMMATORY_STROMA	Beaufrere 2025 (trislaz/ICCA_prediction labels)
GSE244807	CK214	GSM7830132	stim	INFLAMMATORY_STROMA	Beaufrere 2025 (trislaz/ICCA_prediction labels)
GSE244807	CK215	GSM7830133	stim	IMMUNE_CLASSICAL	Beaufrere 2025 (trislaz/ICCA_prediction labels)
GSE244807	CK216	GSM7830134	stim	INFLAMMATORY_STROMA	Beaufrere 2025 (trislaz/ICCA_prediction labels)
GSE244807	CK217	GSM7830135	stim	HEPATIC_STEM_LIKE	Beaufrere 2025 (trislaz/ICCA_prediction labels)
GSE244807	CK218	GSM7830136	stim	IMMUNE_CLASSICAL	Beaufrere 2025 (trislaz/ICCA_prediction labels)
GSE244807	CK219	GSM7830137	stim	INFLAMMATORY_STROMA	Beaufrere 2025 (trislaz/ICCA_prediction labels)
GSE244807	CK220	GSM7830138	stim	IMMUNE_CLASSICAL	Beaufrere 2025 (trislaz/ICCA_prediction labels)
GSE244807	CK221	GSM7830139	stim	IMMUNE_CLASSICAL	Beaufrere 2025 (trislaz/ICCA_prediction labels)
GSE244807	CK222	GSM7830140	stim	INFLAMMATORY_STROMA	Beaufrere 2025 (trislaz/ICCA_prediction labels)
GSE244807	CK223	GSM7830141	stim	HEPATIC_STEM_LIKE	Beaufrere 2025 (trislaz/ICCA_prediction labels)
GSE244807	CK224	GSM7830142	stim	HEPATIC_STEM_LIKE	Beaufrere 2025 (trislaz/ICCA_prediction labels)
GSE244807	CK225	GSM7830143	stim	IMMUNE_CLASSICAL	Beaufrere 2025 (trislaz/ICCA_prediction labels)
GSE244807	CK226	GSM7830144	stim	HEPATIC_STEM_LIKE	Beaufrere 2025 (trislaz/ICCA_prediction labels)
GSE244807	CK227	GSM7830145	stim	INFLAMMATORY_STROMA	Beaufrere 2025 (trislaz/ICCA_prediction labels)
GSE244807	CK228	GSM7830146	stim	TUMOUR_CLASSICAL	Beaufrere 2025 (trislaz/ICCA_prediction labels)
GSE244807	CK229	GSM7830147	stim	IMMUNE_CLASSICAL	Beaufrere 2025 (trislaz/ICCA_prediction labels)
GSE244807	CK230	GSM7830148	stim	HEPATIC_STEM_LIKE	Beaufrere 2025 (trislaz/ICCA_prediction labels)
GSE244807	CK231	GSM7830149	stim	TUMOUR_CLASSICAL	Beaufrere 2025 (trislaz/ICCA_prediction labels)
GSE244807	CK232	GSM7830150	stim	HEPATIC_STEM_LIKE	Beaufrere 2025 (trislaz/ICCA_prediction labels)
GSE244807	CK233	GSM7830151	stim	IMMUNE_CLASSICAL	Beaufrere 2025 (trislaz/ICCA_prediction labels)
GSE244807	CK234	GSM7830152	stim	HEPATIC_STEM_LIKE	Beaufrere 2025 (trislaz/ICCA_prediction labels)
GSE244807	CK235	GSM7830153	stim	TUMOUR_CLASSICAL	Beaufrere 2025 (trislaz/ICCA_prediction labels)
GSE244807	CK236	GSM7830154	stim	IMMUNE_CLASSICAL	Beaufrere 2025 (trislaz/ICCA_prediction labels)
GSE244807	CK237	GSM7830155	stim	IMMUNE_CLASSICAL	Beaufrere 2025 (trislaz/ICCA_prediction labels)
GSE244807	CK238	GSM7830156	stim	IMMUNE_CLASSICAL	Beaufrere 2025 (trislaz/ICCA_prediction labels)
GSE244807	CK239	GSM7830157	stim	INFLAMMATORY_STROMA	Beaufrere 2025 (trislaz/ICCA_prediction labels)
GSE244807	CK240	GSM7830158	stim	INFLAMMATORY_STROMA	Beaufrere 2025 (trislaz/ICCA_prediction labels)
GSE244807	CK241	GSM7830159	stim	IMMUNE_CLASSICAL	Beaufrere 2025 (trislaz/ICCA_prediction labels)
GSE244807	CK242	GSM7830160	stim	DESERT_LIKE	Beaufrere 2025 (trislaz/ICCA_prediction labels)
GSE244807	CK243	GSM7830161	stim	IMMUNE_CLASSICAL	Beaufrere 2025 (trislaz/ICCA_prediction labels)
GSE244807	CK244	GSM7830162	stim	HEPATIC_STEM_LIKE	Beaufrere 2025 (trislaz/ICCA_prediction labels)
GSE244807	CK246	GSM7830163	stim	DESERT_LIKE	Beaufrere 2025 (trislaz/ICCA_prediction labels)
GSE244807	CK247	GSM7830164	stim	IMMUNE_CLASSICAL	Beaufrere 2025 (trislaz/ICCA_prediction labels)
GSE244807	CK248	GSM7830165	stim	INFLAMMATORY_STROMA	Beaufrere 2025 (trislaz/ICCA_prediction labels)
GSE244807	CK249	GSM7830166	stim	HEPATIC_STEM_LIKE	Beaufrere 2025 (trislaz/ICCA_prediction labels)
GSE244807	CK250	GSM7830167	stim	IMMUNE_CLASSICAL	Beaufrere 2025 (trislaz/ICCA_prediction labels)
TCGA_CHOL	TCGA-W5-AA36-01		stim	HEPATIC_STEM_LIKE	Beaufrere 2025 (trislaz/ICCA_prediction labels)
TCGA_CHOL	TCGA-4G-AAZT-01		stim	HEPATIC_STEM_LIKE	Beaufrere 2025 (trislaz/ICCA_prediction labels)
TCGA_CHOL	TCGA-ZD-A8I3-01		stim	HEPATIC_STEM_LIKE	Beaufrere 2025 (trislaz/ICCA_prediction labels)
TCGA_CHOL	TCGA-4G-AAZO-01		stim	HEPATIC_STEM_LIKE	Beaufrere 2025 (trislaz/ICCA_prediction labels)
TCGA_CHOL	TCGA-W5-AA2O-01		stim	IMMUNE_CLASSICAL	Beaufrere 2025 (trislaz/ICCA_prediction labels)
TCGA_CHOL	TCGA-ZH-A8Y2-01		stim	HEPATIC_STEM_LIKE	Beaufrere 2025 (trislaz/ICCA_prediction labels)
TCGA_CHOL	TCGA-ZH-A8Y8-01		stim	INFLAMMATORY_STROMA	Beaufrere 2025 (trislaz/ICCA_prediction labels)
TCGA_CHOL	TCGA-ZH-A8Y1-01		stim	HEPATIC_STEM_LIKE	Beaufrere 2025 (trislaz/ICCA_prediction labels)
TCGA_CHOL	TCGA-W5-AA2W-01		stim	HEPATIC_STEM_LIKE	Beaufrere 2025 (trislaz/ICCA_prediction labels)
TCGA_CHOL	TCGA-3X-AAVE-01		stim	INFLAMMATORY_STROMA	Beaufrere 2025 (trislaz/ICCA_prediction labels)
TCGA_CHOL	TCGA-W5-AA33-01		stim	INFLAMMATORY_STROMA	Beaufrere 2025 (trislaz/ICCA_prediction labels)
TCGA_CHOL	TCGA-W5-AA2G-01		stim	IMMUNE_CLASSICAL	Beaufrere 2025 (trislaz/ICCA_prediction labels)
TCGA_CHOL	TCGA-W5-AA34-01		stim	HEPATIC_STEM_LIKE	Beaufrere 2025 (trislaz/ICCA_prediction labels)
TCGA_CHOL	TCGA-W5-AA30-01		stim	DESERT_LIKE	Beaufrere 2025 (trislaz/ICCA_prediction labels)
TCGA_CHOL	TCGA-W5-AA2Q-01		stim	HEPATIC_STEM_LIKE	Beaufrere 2025 (trislaz/ICCA_prediction labels)
TCGA_CHOL	TCGA-3X-AAVA-01		stim	HEPATIC_STEM_LIKE	Beaufrere 2025 (trislaz/ICCA_prediction labels)
TCGA_CHOL	TCGA-W5-AA2U-01		stim	HEPATIC_STEM_LIKE	Beaufrere 2025 (trislaz/ICCA_prediction labels)
TCGA_CHOL	TCGA-WD-A7RX-01		stim	IMMUNE_CLASSICAL	Beaufrere 2025 (trislaz/ICCA_prediction labels)
TCGA_CHOL	TCGA-W5-AA31-01		stim	IMMUNE_CLASSICAL	Beaufrere 2025 (trislaz/ICCA_prediction labels)
TCGA_CHOL	TCGA-W5-AA2I-01		stim	DESERT_LIKE	Beaufrere 2025 (trislaz/ICCA_prediction labels)
TCGA_CHOL	TCGA-ZH-A8Y5-01		stim	HEPATIC_STEM_LIKE	Beaufrere 2025 (trislaz/ICCA_prediction labels)
TCGA_CHOL	TCGA-W6-AA0S-01		stim	HEPATIC_STEM_LIKE	Beaufrere 2025 (trislaz/ICCA_prediction labels)
TCGA_CHOL	TCGA-ZH-A8Y4-01		stim	HEPATIC_STEM_LIKE	Beaufrere 2025 (trislaz/ICCA_prediction labels)
TCGA_CHOL	TCGA-W5-AA38-01		stim	HEPATIC_STEM_LIKE	Beaufrere 2025 (trislaz/ICCA_prediction labels)
TCGA_CHOL	TCGA-W5-AA2T-01		stim	HEPATIC_STEM_LIKE	Beaufrere 2025 (trislaz/ICCA_prediction labels)
TCGA_CHOL	TCGA-W5-AA2Z-01		stim	HEPATIC_STEM_LIKE	Beaufrere 2025 (trislaz/ICCA_prediction labels)
TCGA_CHOL	TCGA-W5-AA2R-01		stim	IMMUNE_CLASSICAL	Beaufrere 2025 (trislaz/ICCA_prediction labels)
TCGA_CHOL	TCGA-3X-AAV9-01		stim	INFLAMMATORY_STROMA	Beaufrere 2025 (trislaz/ICCA_prediction labels)
TCGA_CHOL	TCGA-ZU-A8S4-01		stim	INFLAMMATORY_STROMA	Beaufrere 2025 (trislaz/ICCA_prediction labels)
GSE89749	GSM2387724	GSM2387724	lin2026	SI	Lin 2026 Table S4A
GSE89749	GSM2387698	GSM2387698	lin2026	SI	Lin 2026 Table S4A
GSE89749	GSM2387722	GSM2387722	lin2026	SI	Lin 2026 Table S4A
GSE89749	GSM2387691	GSM2387691	lin2026	SI	Lin 2026 Table S4A
GSE89749	GSM2387762	GSM2387762	lin2026	SI	Lin 2026 Table S4A
GSE89749	GSM2387685	GSM2387685	lin2026	SI	Lin 2026 Table S4A
GSE89749	GSM2387702	GSM2387702	lin2026	SI	Lin 2026 Table S4A
GSE89749	GSM2387659	GSM2387659	lin2026	SI	Lin 2026 Table S4A
GSE89749	GSM2387718	GSM2387718	lin2026	SI	Lin 2026 Table S4A
GSE89749	GSM2387750	GSM2387750	lin2026	SI	Lin 2026 Table S4A
GSE89749	GSM2387765	GSM2387765	lin2026	SI	Lin 2026 Table S4A
GSE89749	GSM2387742	GSM2387742	lin2026	SI	Lin 2026 Table S4A
GSE89749	GSM2387763	GSM2387763	lin2026	SI	Lin 2026 Table S4A
GSE89749	GSM2387676	GSM2387676	lin2026	SI	Lin 2026 Table S4A
GSE89749	GSM2387678	GSM2387678	lin2026	SI	Lin 2026 Table S4A
GSE89749	GSM2387753	GSM2387753	lin2026	SI	Lin 2026 Table S4A
GSE89749	GSM2387751	GSM2387751	lin2026	SI	Lin 2026 Table S4A
GSE89749	GSM2387674	GSM2387674	lin2026	SI	Lin 2026 Table S4A
GSE89749	GSM2387741	GSM2387741	lin2026	SI	Lin 2026 Table S4A
GSE89749	GSM2387693	GSM2387693	lin2026	SI	Lin 2026 Table S4A
GSE89749	GSM2387745	GSM2387745	lin2026	SI	Lin 2026 Table S4A
GSE89749	GSM2387686	GSM2387686	lin2026	SI	Lin 2026 Table S4A
GSE89749	GSM2387761	GSM2387761	lin2026	SI	Lin 2026 Table S4A
GSE89749	GSM2387694	GSM2387694	lin2026	SI	Lin 2026 Table S4A
GSE89749	GSM2387752	GSM2387752	lin2026	SI	Lin 2026 Table S4A
GSE89749	GSM2387758	GSM2387758	lin2026	SI	Lin 2026 Table S4A
GSE89749	GSM2387704	GSM2387704	lin2026	SI	Lin 2026 Table S4A
GSE89749	GSM2387692	GSM2387692	lin2026	SI	Lin 2026 Table S4A
GSE89749	GSM2387766	GSM2387766	lin2026	SI	Lin 2026 Table S4A
GSE89749	GSM2387677	GSM2387677	lin2026	SI	Lin 2026 Table S4A
GSE89749	GSM2387757	GSM2387757	lin2026	SI	Lin 2026 Table S4A
GSE89749	GSM2387675	GSM2387675	lin2026	SI	Lin 2026 Table S4A
GSE89749	GSM2387687	GSM2387687	lin2026	SI	Lin 2026 Table S4A
GSE89749	GSM2387759	GSM2387759	lin2026	SI	Lin 2026 Table S4A
GSE89749	GSM2387666	GSM2387666	lin2026	SI	Lin 2026 Table S4A
GSE89749	GSM2387667	GSM2387667	lin2026	SI	Lin 2026 Table S4A
GSE89749	GSM2387714	GSM2387714	lin2026	SI	Lin 2026 Table S4A
GSE89749	GSM2387733	GSM2387733	lin2026	SII	Lin 2026 Table S4A
GSE89749	GSM2387655	GSM2387655	lin2026	SII	Lin 2026 Table S4A
GSE89749	GSM2387712	GSM2387712	lin2026	SII	Lin 2026 Table S4A
GSE89749	GSM2387721	GSM2387721	lin2026	SII	Lin 2026 Table S4A
GSE89749	GSM2387755	GSM2387755	lin2026	SII	Lin 2026 Table S4A
GSE89749	GSM2387683	GSM2387683	lin2026	SII	Lin 2026 Table S4A
GSE89749	GSM2387738	GSM2387738	lin2026	SII	Lin 2026 Table S4A
GSE89749	GSM2387660	GSM2387660	lin2026	SIII-1	Lin 2026 Table S4A
GSE89749	GSM2387732	GSM2387732	lin2026	SIII-1	Lin 2026 Table S4A
GSE89749	GSM2387729	GSM2387729	lin2026	SIII-1	Lin 2026 Table S4A
GSE89749	GSM2387716	GSM2387716	lin2026	SIII-1	Lin 2026 Table S4A
GSE89749	GSM2387663	GSM2387663	lin2026	SIII-1	Lin 2026 Table S4A
GSE89749	GSM2387665	GSM2387665	lin2026	SIII-1	Lin 2026 Table S4A
GSE89749	GSM2387710	GSM2387710	lin2026	SIII-1	Lin 2026 Table S4A
GSE89749	GSM2387705	GSM2387705	lin2026	SIII-1	Lin 2026 Table S4A
GSE89749	GSM2387708	GSM2387708	lin2026	SIII-1	Lin 2026 Table S4A
GSE89749	GSM2387699	GSM2387699	lin2026	SIII-1	Lin 2026 Table S4A
GSE89749	GSM2387700	GSM2387700	lin2026	SIII-1	Lin 2026 Table S4A
GSE89749	GSM2387661	GSM2387661	lin2026	SIII-2	Lin 2026 Table S4A
GSE89749	GSM2387668	GSM2387668	lin2026	SIII-2	Lin 2026 Table S4A
GSE89749	GSM2387669	GSM2387669	lin2026	SIII-2	Lin 2026 Table S4A
GSE89749	GSM2387706	GSM2387706	lin2026	SIII-2	Lin 2026 Table S4A
GSE89749	GSM2387707	GSM2387707	lin2026	SIII-2	Lin 2026 Table S4A
GSE89749	GSM2387713	GSM2387713	lin2026	SIII-2	Lin 2026 Table S4A
GSE89749	GSM2387672	GSM2387672	lin2026	SIII-2	Lin 2026 Table S4A
GSE89749	GSM2387709	GSM2387709	lin2026	SIII-2	Lin 2026 Table S4A
GSE89749	GSM2387658	GSM2387658	lin2026	SIII-2	Lin 2026 Table S4A
GSE89749	GSM2387711	GSM2387711	lin2026	SIII-2	Lin 2026 Table S4A
GSE89749	GSM2387673	GSM2387673	lin2026	SIII-2	Lin 2026 Table S4A
GSE89749	GSM2387697	GSM2387697	lin2026	SIII-2	Lin 2026 Table S4A
GSE89749	GSM2387656	GSM2387656	lin2026	SIII-3	Lin 2026 Table S4A
GSE89749	GSM2387662	GSM2387662	lin2026	SIII-3	Lin 2026 Table S4A
GSE89749	GSM2387726	GSM2387726	lin2026	SIII-3	Lin 2026 Table S4A
GSE89749	GSM2387728	GSM2387728	lin2026	SIII-3	Lin 2026 Table S4A
GSE89749	GSM2387754	GSM2387754	lin2026	SIII-3	Lin 2026 Table S4A
GSE89749	GSM2387652	GSM2387652	lin2026	SIII-3	Lin 2026 Table S4A
GSE89749	GSM2387657	GSM2387657	lin2026	SIII-3	Lin 2026 Table S4A
GSE89749	GSM2387740	GSM2387740	lin2026	SIII-3	Lin 2026 Table S4A
GSE89749	GSM2387670	GSM2387670	lin2026	SIII-3	Lin 2026 Table S4A
GSE89749	GSM2387730	GSM2387730	lin2026	SIII-3	Lin 2026 Table S4A
GSE89749	GSM2387701	GSM2387701	lin2026	SIII-3	Lin 2026 Table S4A
GSE89749	GSM2387703	GSM2387703	lin2026	SIII-3	Lin 2026 Table S4A
GSE89749	GSM2387664	GSM2387664	lin2026	SIII-3	Lin 2026 Table S4A
GSE89749	GSM2387736	GSM2387736	lin2026	SIII-3	Lin 2026 Table S4A
OEP002768	CCA#44		lin2026	SI	Lin 2026 Table S4A
OEP002768	CCA#82		lin2026	SI	Lin 2026 Table S4A
OEP002768	CCA#177		lin2026	SI	Lin 2026 Table S4A
OEP002768	CCA#150		lin2026	SI	Lin 2026 Table S4A
OEP002768	CCA#103		lin2026	SI	Lin 2026 Table S4A
OEP002768	CCA#152		lin2026	SI	Lin 2026 Table S4A
OEP002768	CCA#41		lin2026	SI	Lin 2026 Table S4A
OEP002768	CCA#65		lin2026	SI	Lin 2026 Table S4A
OEP002768	CCA#110		lin2026	SI	Lin 2026 Table S4A
OEP002768	CCA#140		lin2026	SI	Lin 2026 Table S4A
OEP002768	CCA#119		lin2026	SI	Lin 2026 Table S4A
OEP002768	CCA#149		lin2026	SI	Lin 2026 Table S4A
OEP002768	CCA#31		lin2026	SI	Lin 2026 Table S4A
OEP002768	CCA#125		lin2026	SI	Lin 2026 Table S4A
OEP002768	CCA#179		lin2026	SI	Lin 2026 Table S4A
OEP002768	CCA#144		lin2026	SI	Lin 2026 Table S4A
OEP002768	CCA#138		lin2026	SI	Lin 2026 Table S4A
OEP002768	CCA#37		lin2026	SI	Lin 2026 Table S4A
OEP002768	CCA#116		lin2026	SI	Lin 2026 Table S4A
OEP002768	CCA#48		lin2026	SI	Lin 2026 Table S4A
OEP002768	CCA#49		lin2026	SI	Lin 2026 Table S4A
OEP002768	CCA#130		lin2026	SII	Lin 2026 Table S4A
OEP002768	CCA#57		lin2026	SII	Lin 2026 Table S4A
OEP002768	CCA#85		lin2026	SII	Lin 2026 Table S4A
OEP002768	CCA#36		lin2026	SII	Lin 2026 Table S4A
OEP002768	CCA#67		lin2026	SII	Lin 2026 Table S4A
OEP002768	CCA#66		lin2026	SII	Lin 2026 Table S4A
OEP002768	CCA#32		lin2026	SII	Lin 2026 Table S4A
OEP002768	CCA#78		lin2026	SII	Lin 2026 Table S4A
OEP002768	CCA#105		lin2026	SII	Lin 2026 Table S4A
OEP002768	CCA#30		lin2026	SII	Lin 2026 Table S4A
OEP002768	CCA#33		lin2026	SII	Lin 2026 Table S4A
OEP002768	CCA#127		lin2026	SII	Lin 2026 Table S4A
OEP002768	CCA#143		lin2026	SII	Lin 2026 Table S4A
OEP002768	CCA#58		lin2026	SII	Lin 2026 Table S4A
OEP002768	CCA#102		lin2026	SII	Lin 2026 Table S4A
OEP002768	CCA#124		lin2026	SII	Lin 2026 Table S4A
OEP002768	CCA#64		lin2026	SII	Lin 2026 Table S4A
OEP002768	CCA#77		lin2026	SII	Lin 2026 Table S4A
OEP002768	CCA#56		lin2026	SII	Lin 2026 Table S4A
OEP002768	CCA#126		lin2026	SII	Lin 2026 Table S4A
OEP002768	CCA#50		lin2026	SIII-1	Lin 2026 Table S4A
OEP002768	CCA#42		lin2026	SIII-1	Lin 2026 Table S4A
OEP002768	CCA#54		lin2026	SIII-1	Lin 2026 Table S4A
OEP002768	CCA#91		lin2026	SIII-1	Lin 2026 Table S4A
OEP002768	CCA#115		lin2026	SIII-1	Lin 2026 Table S4A
OEP002768	CCA#35		lin2026	SIII-1	Lin 2026 Table S4A
OEP002768	CCA#136		lin2026	SIII-1	Lin 2026 Table S4A
OEP002768	CCA#169		lin2026	SIII-1	Lin 2026 Table S4A
OEP002768	CCA#63		lin2026	SIII-1	Lin 2026 Table S4A
OEP002768	CCA#133		lin2026	SIII-1	Lin 2026 Table S4A
OEP002768	CCA#76		lin2026	SIII-1	Lin 2026 Table S4A
OEP002768	CCA#95		lin2026	SIII-1	Lin 2026 Table S4A
OEP002768	CCA#174		lin2026	SIII-1	Lin 2026 Table S4A
OEP002768	CCA#53		lin2026	SIII-1	Lin 2026 Table S4A
OEP002768	CCA#93		lin2026	SIII-1	Lin 2026 Table S4A
OEP002768	CCA#51		lin2026	SIII-2	Lin 2026 Table S4A
OEP002768	CCA#59		lin2026	SIII-2	Lin 2026 Table S4A
OEP002768	CCA#69		lin2026	SIII-2	Lin 2026 Table S4A
OEP002768	CCA#112		lin2026	SIII-2	Lin 2026 Table S4A
OEP002768	CCA#137		lin2026	SIII-2	Lin 2026 Table S4A
OEP002768	CCA#94		lin2026	SIII-2	Lin 2026 Table S4A
OEP002768	CCA#72		lin2026	SIII-2	Lin 2026 Table S4A
OEP002768	CCA#75		lin2026	SIII-2	Lin 2026 Table S4A
OEP002768	CCA#34		lin2026	SIII-2	Lin 2026 Table S4A
OEP002768	CCA#47		lin2026	SIII-2	Lin 2026 Table S4A
OEP002768	CCA#151		lin2026	SIII-2	Lin 2026 Table S4A
OEP002768	CCA#46		lin2026	SIII-2	Lin 2026 Table S4A
OEP002768	CCA#153		lin2026	SIII-2	Lin 2026 Table S4A
OEP002768	CCA#68		lin2026	SIII-2	Lin 2026 Table S4A
OEP002768	CCA#101		lin2026	SIII-2	Lin 2026 Table S4A
OEP002768	CCA#38		lin2026	SIII-2	Lin 2026 Table S4A
OEP002768	CCA#90		lin2026	SIII-2	Lin 2026 Table S4A
OEP002768	CCA#89		lin2026	SIII-2	Lin 2026 Table S4A
OEP002768	CCA#155		lin2026	SIII-2	Lin 2026 Table S4A
OEP002768	CCA#217		lin2026	SIII-2	Lin 2026 Table S4A
OEP002768	CCA#80		lin2026	SIII-2	Lin 2026 Table S4A
OEP002768	CCA#134		lin2026	SIII-2	Lin 2026 Table S4A
OEP002768	CCA#73		lin2026	SIII-3	Lin 2026 Table S4A
OEP002768	CCA#120		lin2026	SIII-3	Lin 2026 Table S4A
OEP002768	CCA#121		lin2026	SIII-3	Lin 2026 Table S4A
OEP002768	CCA#98		lin2026	SIII-3	Lin 2026 Table S4A
OEP002768	CCA#70		lin2026	SIII-3	Lin 2026 Table S4A
OEP002768	CCA#146		lin2026	SIII-3	Lin 2026 Table S4A
GSE89749	200643150050_A	GSM2387709	song2022_duct	S100P-SPP1+	Song 2022 Suppl Data 4 (site: Intrahepatic)
GSE89749	200643150050_B	GSM2387710	song2022_duct	S100P-SPP1+	Song 2022 Suppl Data 4 (site: Intrahepatic)
GSE89749	200643150050_C	GSM2387711	song2022_duct	S100P-SPP1+	Song 2022 Suppl Data 4 (site: Intrahepatic)
GSE89749	200643150050_D	GSM2387712	song2022_duct	Others	Song 2022 Suppl Data 4 (site: Intrahepatic)
GSE89749	200643150050_E	GSM2387713	song2022_duct	S100P-SPP1+	Song 2022 Suppl Data 4 (site: Intrahepatic)
GSE89749	200643150050_F	GSM2387714	song2022_duct	S100P+SPP1-	Song 2022 Suppl Data 4 (site: Intrahepatic)
GSE89749	200643150050_G	GSM2387715	song2022_duct	S100P+SPP1-	Song 2022 Suppl Data 4 (site: Extrahepatic)
GSE89749	200643150050_H	GSM2387716	song2022_duct	S100P-SPP1+	Song 2022 Suppl Data 4 (site: Intrahepatic)
GSE89749	200643150050_I	GSM2387717	song2022_duct	S100P+SPP1-	Song 2022 Suppl Data 4 (site: Extrahepatic)
GSE89749	200643150050_J	GSM2387718	song2022_duct	S100P+SPP1-	Song 2022 Suppl Data 4 (site: Intrahepatic)
GSE89749	200643150050_K	GSM2387719	song2022_duct	S100P+SPP1-	Song 2022 Suppl Data 4 (site: Extrahepatic)
GSE89749	200643150050_L	GSM2387720	song2022_duct	S100P+SPP1-	Song 2022 Suppl Data 4 (site: Extrahepatic)
GSE89749	200643150051_A	GSM2387757	song2022_duct	S100P+SPP1-	Song 2022 Suppl Data 4 (site: Intrahepatic)
GSE89749	200643150051_B	GSM2387758	song2022_duct	Others	Song 2022 Suppl Data 4 (site: Intrahepatic)
GSE89749	200643150051_C	GSM2387759	song2022_duct	Others	Song 2022 Suppl Data 4 (site: Intrahepatic)
GSE89749	200643150051_D	GSM2387760	song2022_duct	S100P+SPP1-	Song 2022 Suppl Data 4 (site: Extrahepatic)
GSE89749	200643150051_E	GSM2387761	song2022_duct	S100P+SPP1-	Song 2022 Suppl Data 4 (site: Intrahepatic)
GSE89749	200643150051_F	GSM2387762	song2022_duct	S100P+SPP1-	Song 2022 Suppl Data 4 (site: Intrahepatic)
GSE89749	200643150051_G	GSM2387763	song2022_duct	S100P+SPP1-	Song 2022 Suppl Data 4 (site: Intrahepatic)
GSE89749	200643150051_H	GSM2387764	song2022_duct	S100P+SPP1-	Song 2022 Suppl Data 4 (site: Extrahepatic)
GSE89749	200643150051_I	GSM2387765	song2022_duct	Others	Song 2022 Suppl Data 4 (site: Intrahepatic)
GSE89749	200643150051_J	GSM2387766	song2022_duct	S100P+SPP1-	Song 2022 Suppl Data 4 (site: Intrahepatic)
GSE89749	200643150051_K	GSM2387767	song2022_duct	S100P+SPP1-	Song 2022 Suppl Data 4 (site: Extrahepatic)
GSE89749	200643150051_L	GSM2387768	song2022_duct	S100P+SPP1-	Song 2022 Suppl Data 4 (site: Extrahepatic)
GSE89749	200643150072_A	GSM2387745	song2022_duct	S100P+SPP1-	Song 2022 Suppl Data 4 (site: Intrahepatic)
GSE89749	200643150072_B	GSM2387746	song2022_duct	S100P+SPP1-	Song 2022 Suppl Data 4 (site: Extrahepatic)
GSE89749	200643150072_D	GSM2387748	song2022_duct	S100P+SPP1-	Song 2022 Suppl Data 4 (site: Extrahepatic)
GSE89749	200643150072_E	GSM2387749	song2022_duct	S100P+SPP1-	Song 2022 Suppl Data 4 (site: Extrahepatic)
GSE89749	200643150072_F	GSM2387750	song2022_duct	S100P+SPP1-	Song 2022 Suppl Data 4 (site: Intrahepatic)
GSE89749	200643150072_G	GSM2387751	song2022_duct	S100P+SPP1-	Song 2022 Suppl Data 4 (site: Intrahepatic)
GSE89749	200643150072_H	GSM2387752	song2022_duct	S100P+SPP1-	Song 2022 Suppl Data 4 (site: Intrahepatic)
GSE89749	200643150072_I	GSM2387753	song2022_duct	S100P+SPP1-	Song 2022 Suppl Data 4 (site: Intrahepatic)
GSE89749	200643150072_J	GSM2387754	song2022_duct	S100P-SPP1+	Song 2022 Suppl Data 4 (site: Intrahepatic)
GSE89749	200643150072_K	GSM2387755	song2022_duct	Others	Song 2022 Suppl Data 4 (site: Intrahepatic)
GSE89749	200643150072_L	GSM2387756	song2022_duct	S100P+SPP1-	Song 2022 Suppl Data 4 (site: Extrahepatic)
GSE89749	200647550008_A	GSM2387721	song2022_duct	Others	Song 2022 Suppl Data 4 (site: Intrahepatic)
GSE89749	200647550008_B	GSM2387722	song2022_duct	Others	Song 2022 Suppl Data 4 (site: Intrahepatic)
GSE89749	200647550008_C	GSM2387723	song2022_duct	S100P+SPP1-	Song 2022 Suppl Data 4 (site: Extrahepatic)
GSE89749	200647550008_D	GSM2387724	song2022_duct	Others	Song 2022 Suppl Data 4 (site: Intrahepatic)
GSE89749	200647550008_E	GSM2387725	song2022_duct	Others	Song 2022 Suppl Data 4 (site: Extrahepatic)
GSE89749	200647550008_F	GSM2387726	song2022_duct	S100P-SPP1+	Song 2022 Suppl Data 4 (site: Intrahepatic)
GSE89749	200647550008_G	GSM2387727	song2022_duct	Others	Song 2022 Suppl Data 4 (site: Extrahepatic)
GSE89749	200647550008_H	GSM2387728	song2022_duct	S100P-SPP1+	Song 2022 Suppl Data 4 (site: Intrahepatic)
GSE89749	200647550008_I	GSM2387729	song2022_duct	S100P-SPP1+	Song 2022 Suppl Data 4 (site: Intrahepatic)
GSE89749	200647550008_J	GSM2387730	song2022_duct	Others	Song 2022 Suppl Data 4 (site: Intrahepatic)
GSE89749	200647550008_K	GSM2387731	song2022_duct	S100P+SPP1-	Song 2022 Suppl Data 4 (site: Extrahepatic)
GSE89749	200647550008_L	GSM2387732	song2022_duct	Others	Song 2022 Suppl Data 4 (site: Intrahepatic)
GSE89749	200647720045_A	GSM2387697	song2022_duct	S100P-SPP1+	Song 2022 Suppl Data 4 (site: Intrahepatic)
GSE89749	200647720045_B	GSM2387698	song2022_duct	S100P+SPP1-	Song 2022 Suppl Data 4 (site: Intrahepatic)
GSE89749	200647720045_C	GSM2387699	song2022_duct	S100P-SPP1+	Song 2022 Suppl Data 4 (site: Intrahepatic)
GSE89749	200647720045_D	GSM2387700	song2022_duct	Others	Song 2022 Suppl Data 4 (site: Intrahepatic)
GSE89749	200647720045_E	GSM2387701	song2022_duct	S100P-SPP1+	Song 2022 Suppl Data 4 (site: Intrahepatic)
GSE89749	200647720045_F	GSM2387702	song2022_duct	Others	Song 2022 Suppl Data 4 (site: Intrahepatic)
GSE89749	200647720045_G	GSM2387703	song2022_duct	S100P-SPP1+	Song 2022 Suppl Data 4 (site: Intrahepatic)
GSE89749	200647720045_H	GSM2387704	song2022_duct	S100P+SPP1-	Song 2022 Suppl Data 4 (site: Intrahepatic)
GSE89749	200647720045_I	GSM2387705	song2022_duct	S100P-SPP1+	Song 2022 Suppl Data 4 (site: Intrahepatic)
GSE89749	200647720045_J	GSM2387706	song2022_duct	S100P-SPP1+	Song 2022 Suppl Data 4 (site: Intrahepatic)
GSE89749	200647720045_K	GSM2387707	song2022_duct	S100P-SPP1+	Song 2022 Suppl Data 4 (site: Intrahepatic)
GSE89749	200647720045_L	GSM2387708	song2022_duct	S100P-SPP1+	Song 2022 Suppl Data 4 (site: Intrahepatic)
GSE89749	200739030011_A	GSM2387733	song2022_duct	S100P-SPP1+	Song 2022 Suppl Data 4 (site: Intrahepatic)
GSE89749	200739030011_B	GSM2387734	song2022_duct	Others	Song 2022 Suppl Data 4 (site: Extrahepatic)
GSE89749	200739030011_C	GSM2387735	song2022_duct	S100P+SPP1-	Song 2022 Suppl Data 4 (site: Extrahepatic)
GSE89749	200739030011_D	GSM2387736	song2022_duct	S100P-SPP1+	Song 2022 Suppl Data 4 (site: Intrahepatic)
GSE89749	200739030011_E	GSM2387737	song2022_duct	S100P-SPP1+	Song 2022 Suppl Data 4 (site: Extrahepatic)
GSE89749	200739030011_F	GSM2387738	song2022_duct	S100P-SPP1+	Song 2022 Suppl Data 4 (site: Intrahepatic)
GSE89749	200739030011_G	GSM2387739	song2022_duct	S100P+SPP1-	Song 2022 Suppl Data 4 (site: Extrahepatic)
GSE89749	200739030011_H	GSM2387740	song2022_duct	S100P-SPP1+	Song 2022 Suppl Data 4 (site: Intrahepatic)
GSE89749	200739030011_I	GSM2387741	song2022_duct	S100P+SPP1-	Song 2022 Suppl Data 4 (site: Intrahepatic)
GSE89749	200739030011_J	GSM2387742	song2022_duct	S100P+SPP1-	Song 2022 Suppl Data 4 (site: Intrahepatic)
GSE89749	200739030011_K	GSM2387743	song2022_duct	S100P+SPP1-	Song 2022 Suppl Data 4 (site: Extrahepatic)
GSE89749	200739030011_L	GSM2387744	song2022_duct	S100P+SPP1-	Song 2022 Suppl Data 4 (site: Extrahepatic)
GSE89749	3998386005_A	GSM2387673	song2022_duct	S100P-SPP1+	Song 2022 Suppl Data 4 (site: Intrahepatic)
GSE89749	3998386005_B	GSM2387674	song2022_duct	S100P+SPP1-	Song 2022 Suppl Data 4 (site: Intrahepatic)
GSE89749	3998386005_C	GSM2387675	song2022_duct	S100P+SPP1-	Song 2022 Suppl Data 4 (site: Intrahepatic)
GSE89749	3998386005_D	GSM2387676	song2022_duct	S100P+SPP1-	Song 2022 Suppl Data 4 (site: Intrahepatic)
GSE89749	3998386005_E	GSM2387677	song2022_duct	S100P+SPP1-	Song 2022 Suppl Data 4 (site: Intrahepatic)
GSE89749	3998386005_F	GSM2387678	song2022_duct	Others	Song 2022 Suppl Data 4 (site: Intrahepatic)
GSE89749	3998386005_G	GSM2387679	song2022_duct	S100P+SPP1-	Song 2022 Suppl Data 4 (site: Extrahepatic)
GSE89749	3998386005_H	GSM2387680	song2022_duct	S100P+SPP1-	Song 2022 Suppl Data 4 (site: Extrahepatic)
GSE89749	3998386005_I	GSM2387681	song2022_duct	S100P+SPP1-	Song 2022 Suppl Data 4 (site: Extrahepatic)
GSE89749	3998386005_J	GSM2387682	song2022_duct	Others	Song 2022 Suppl Data 4 (site: Extrahepatic)
GSE89749	3998386005_K	GSM2387683	song2022_duct	S100P+SPP1-	Song 2022 Suppl Data 4 (site: Intrahepatic)
GSE89749	3998386005_L	GSM2387684	song2022_duct	Others	Song 2022 Suppl Data 4 (site: Extrahepatic)
GSE89749	3998386019_A	GSM2387685	song2022_duct	S100P+SPP1-	Song 2022 Suppl Data 4 (site: Intrahepatic)
GSE89749	3998386019_B	GSM2387686	song2022_duct	S100P+SPP1-	Song 2022 Suppl Data 4 (site: Intrahepatic)
GSE89749	3998386019_C	GSM2387687	song2022_duct	S100P+SPP1-	Song 2022 Suppl Data 4 (site: Intrahepatic)
GSE89749	3998386019_D	GSM2387688	song2022_duct	Others	Song 2022 Suppl Data 4 (site: Extrahepatic)
GSE89749	3998386019_E	GSM2387689	song2022_duct	S100P+SPP1-	Song 2022 Suppl Data 4 (site: Extrahepatic)
GSE89749	3998386019_F	GSM2387690	song2022_duct	S100P+SPP1-	Song 2022 Suppl Data 4 (site: Extrahepatic)
GSE89749	3998386019_G	GSM2387691	song2022_duct	S100P+SPP1-	Song 2022 Suppl Data 4 (site: Intrahepatic)
GSE89749	3998386019_H	GSM2387692	song2022_duct	S100P+SPP1-	Song 2022 Suppl Data 4 (site: Intrahepatic)
GSE89749	3998386019_I	GSM2387693	song2022_duct	S100P+SPP1-	Song 2022 Suppl Data 4 (site: Intrahepatic)
GSE89749	3998386019_J	GSM2387694	song2022_duct	S100P+SPP1-	Song 2022 Suppl Data 4 (site: Intrahepatic)
GSE89749	3998386024_A	GSM2387661	song2022_duct	S100P-SPP1+	Song 2022 Suppl Data 4 (site: Intrahepatic)
GSE89749	3998386024_B	GSM2387662	song2022_duct	S100P-SPP1+	Song 2022 Suppl Data 4 (site: Intrahepatic)
GSE89749	3998386024_C	GSM2387663	song2022_duct	S100P-SPP1+	Song 2022 Suppl Data 4 (site: Intrahepatic)
GSE89749	3998386024_D	GSM2387664	song2022_duct	S100P-SPP1+	Song 2022 Suppl Data 4 (site: Intrahepatic)
GSE89749	3998386024_E	GSM2387665	song2022_duct	S100P-SPP1+	Song 2022 Suppl Data 4 (site: Intrahepatic)
GSE89749	3998386024_F	GSM2387666	song2022_duct	S100P+SPP1-	Song 2022 Suppl Data 4 (site: Intrahepatic)
GSE89749	3998386024_G	GSM2387667	song2022_duct	S100P+SPP1-	Song 2022 Suppl Data 4 (site: Intrahepatic)
GSE89749	3998386024_H	GSM2387668	song2022_duct	S100P-SPP1+	Song 2022 Suppl Data 4 (site: Intrahepatic)
GSE89749	3998386024_I	GSM2387669	song2022_duct	S100P-SPP1+	Song 2022 Suppl Data 4 (site: Intrahepatic)
GSE89749	3998386024_J	GSM2387670	song2022_duct	S100P-SPP1+	Song 2022 Suppl Data 4 (site: Intrahepatic)
GSE89749	3998386024_K	GSM2387671	song2022_duct	S100P+SPP1-	Song 2022 Suppl Data 4 (site: Extrahepatic)
GSE89749	3998386024_L	GSM2387672	song2022_duct	S100P-SPP1+	Song 2022 Suppl Data 4 (site: Intrahepatic)
GSE89749	3998386026_A	GSM2387649	song2022_duct	S100P+SPP1-	Song 2022 Suppl Data 4 (site: Extrahepatic)
GSE89749	3998386026_B	GSM2387650	song2022_duct	Others	Song 2022 Suppl Data 4 (site: Extrahepatic)
GSE89749	3998386026_D	GSM2387652	song2022_duct	S100P-SPP1+	Song 2022 Suppl Data 4 (site: Intrahepatic)
GSE89749	3998386026_F	GSM2387654	song2022_duct	S100P+SPP1-	Song 2022 Suppl Data 4 (site: Extrahepatic)
GSE89749	3998386026_G	GSM2387655	song2022_duct	S100P+SPP1-	Song 2022 Suppl Data 4 (site: Intrahepatic)
GSE89749	3998386026_H	GSM2387656	song2022_duct	S100P-SPP1+	Song 2022 Suppl Data 4 (site: Intrahepatic)
GSE89749	3998386026_I	GSM2387657	song2022_duct	S100P-SPP1+	Song 2022 Suppl Data 4 (site: Intrahepatic)
GSE89749	3998386026_J	GSM2387658	song2022_duct	Others	Song 2022 Suppl Data 4 (site: Intrahepatic)
GSE89749	3998386026_K	GSM2387659	song2022_duct	S100P+SPP1-	Song 2022 Suppl Data 4 (site: Intrahepatic)
GSE89749	3998386026_L	GSM2387660	song2022_duct	Others	Song 2022 Suppl Data 4 (site: Intrahepatic)
